timestamp,localized,red,ir
1686783189195,2023-06-14T15:53:09.195(UTC-07:00),26723,45305
1686783189190,2023-06-14T15:53:09.190(UTC-07:00),26724,45309
1686783189185,2023-06-14T15:53:09.185(UTC-07:00),26726,45312
1686783189180,2023-06-14T15:53:09.180(UTC-07:00),26726,45316
1686783189175,2023-06-14T15:53:09.175(UTC-07:00),26727,45319
1686783189170,2023-06-14T15:53:09.170(UTC-07:00),26728,45322
1686783189165,2023-06-14T15:53:09.165(UTC-07:00),26729,45326
1686783189160,2023-06-14T15:53:09.160(UTC-07:00),26730,45330
1686783189155,2023-06-14T15:53:09.155(UTC-07:00),26731,45335
1686783189150,2023-06-14T15:53:09.150(UTC-07:00),26733,45340
1686783189145,2023-06-14T15:53:09.145(UTC-07:00),26733,45343
1686783189140,2023-06-14T15:53:09.140(UTC-07:00),26733,45342
1686783189135,2023-06-14T15:53:09.135(UTC-07:00),26732,45336
1686783189130,2023-06-14T15:53:09.130(UTC-07:00),26729,45324
1686783189125,2023-06-14T15:53:09.125(UTC-07:00),26726,45308
1686783189120,2023-06-14T15:53:09.120(UTC-07:00),26722,45292
1686783189115,2023-06-14T15:53:09.115(UTC-07:00),26719,45278
1686783189110,2023-06-14T15:53:09.110(UTC-07:00),26716,45269
1686783189105,2023-06-14T15:53:09.105(UTC-07:00),26715,45264
1686783189100,2023-06-14T15:53:09.100(UTC-07:00),26715,45265
1686783189095,2023-06-14T15:53:09.095(UTC-07:00),26716,45268
1686783189090,2023-06-14T15:53:09.090(UTC-07:00),26718,45274
1686783189085,2023-06-14T15:53:09.085(UTC-07:00),26719,45279
1686783189080,2023-06-14T15:53:09.080(UTC-07:00),26721,45285
1686783189075,2023-06-14T15:53:09.075(UTC-07:00),26722,45290
1686783189070,2023-06-14T15:53:09.070(UTC-07:00),26724,45295
1686783189065,2023-06-14T15:53:09.065(UTC-07:00),26726,45300
1686783189060,2023-06-14T15:53:09.060(UTC-07:00),26727,45303
1686783189055,2023-06-14T15:53:09.055(UTC-07:00),26728,45304
1686783189050,2023-06-14T15:53:09.050(UTC-07:00),26728,45306
1686783189045,2023-06-14T15:53:09.045(UTC-07:00),26729,45307
1686783189041,2023-06-14T15:53:09.041(UTC-07:00),26729,45308
1686783189060,2023-06-14T15:53:09.060(UTC-07:00),26730,45311
1686783189079,2023-06-14T15:53:09.079(UTC-07:00),26732,45314
1686783189098,2023-06-14T15:53:09.098(UTC-07:00),26733,45318
1686783189117,2023-06-14T15:53:09.117(UTC-07:00),26735,45323
1686783189136,2023-06-14T15:53:09.136(UTC-07:00),26737,45327
1686783189155,2023-06-14T15:53:09.155(UTC-07:00),26739,45331
1686783189174,2023-06-14T15:53:09.174(UTC-07:00),26740,45336
1686783189193,2023-06-14T15:53:09.193(UTC-07:00),26742,45341
1686783189212,2023-06-14T15:53:09.212(UTC-07:00),26744,45346
1686783189231,2023-06-14T15:53:09.231(UTC-07:00),26745,45352
1686783189250,2023-06-14T15:53:09.250(UTC-07:00),26746,45356
1686783189269,2023-06-14T15:53:09.269(UTC-07:00),26746,45357
1686783189288,2023-06-14T15:53:09.288(UTC-07:00),26745,45354
1686783189307,2023-06-14T15:53:09.307(UTC-07:00),26743,45346
1686783189326,2023-06-14T15:53:09.326(UTC-07:00),26740,45334
1686783189346,2023-06-14T15:53:09.346(UTC-07:00),26736,45319
1686783189365,2023-06-14T15:53:09.365(UTC-07:00),26733,45305
1686783189384,2023-06-14T15:53:09.384(UTC-07:00),26730,45293
1686783189403,2023-06-14T15:53:09.403(UTC-07:00),26728,45286
1686783189422,2023-06-14T15:53:09.422(UTC-07:00),26727,45283
1686783189441,2023-06-14T15:53:09.441(UTC-07:00),26727,45284
1686783189460,2023-06-14T15:53:09.460(UTC-07:00),26728,45287
1686783189479,2023-06-14T15:53:09.479(UTC-07:00),26729,45292
1686783189498,2023-06-14T15:53:09.498(UTC-07:00),26730,45298
1686783189517,2023-06-14T15:53:09.517(UTC-07:00),26732,45303
1686783189536,2023-06-14T15:53:09.536(UTC-07:00),26733,45309
1686783189555,2023-06-14T15:53:09.555(UTC-07:00),26735,45314
1686783189574,2023-06-14T15:53:09.574(UTC-07:00),26736,45318
1686783189593,2023-06-14T15:53:09.593(UTC-07:00),26737,45321
1686783189612,2023-06-14T15:53:09.612(UTC-07:00),26738,45323
1686783189631,2023-06-14T15:53:09.631(UTC-07:00),26739,45325
1686783189651,2023-06-14T15:53:09.651(UTC-07:00),26740,45326
1686783189669,2023-06-14T15:53:09.669(UTC-07:00),26740,45328
1686783189688,2023-06-14T15:53:09.688(UTC-07:00),26741,45330
1686783189707,2023-06-14T15:53:09.707(UTC-07:00),26741,45332
1686783189726,2023-06-14T15:53:09.726(UTC-07:00),26741,45335
1686783189744,2023-06-14T15:53:09.744(UTC-07:00),26742,45338
1686783189763,2023-06-14T15:53:09.763(UTC-07:00),26742,45342
1686783189782,2023-06-14T15:53:09.782(UTC-07:00),26743,45347
1686783189801,2023-06-14T15:53:09.801(UTC-07:00),26745,45352
1686783189819,2023-06-14T15:53:09.819(UTC-07:00),26748,45358
1686783189838,2023-06-14T15:53:09.838(UTC-07:00),26751,45364
1686783189857,2023-06-14T15:53:09.857(UTC-07:00),26753,45369
1686783189876,2023-06-14T15:53:09.876(UTC-07:00),26755,45371
1686783189894,2023-06-14T15:53:09.894(UTC-07:00),26755,45371
1686783189913,2023-06-14T15:53:09.913(UTC-07:00),26754,45365
1686783189932,2023-06-14T15:53:09.932(UTC-07:00),26751,45354
1686783189951,2023-06-14T15:53:09.951(UTC-07:00),26747,45340
1686783189969,2023-06-14T15:53:09.969(UTC-07:00),26742,45324
1686783189988,2023-06-14T15:53:09.988(UTC-07:00),26737,45309
1686783190007,2023-06-14T15:53:10.007(UTC-07:00),26733,45297
1686783190026,2023-06-14T15:53:10.026(UTC-07:00),26731,45289
1686783190044,2023-06-14T15:53:10.044(UTC-07:00),26730,45286
1686783190063,2023-06-14T15:53:10.063(UTC-07:00),26730,45287
1686783190082,2023-06-14T15:53:10.082(UTC-07:00),26732,45291
1686783190101,2023-06-14T15:53:10.101(UTC-07:00),26733,45296
1686783190119,2023-06-14T15:53:10.119(UTC-07:00),26735,45302
1686783190138,2023-06-14T15:53:10.138(UTC-07:00),26737,45308
1686783190157,2023-06-14T15:53:10.157(UTC-07:00),26738,45313
1686783190176,2023-06-14T15:53:10.176(UTC-07:00),26740,45317
1686783190194,2023-06-14T15:53:10.194(UTC-07:00),26741,45321
1686783190213,2023-06-14T15:53:10.213(UTC-07:00),26743,45323
1686783190232,2023-06-14T15:53:10.232(UTC-07:00),26744,45326
1686783190251,2023-06-14T15:53:10.251(UTC-07:00),26745,45328
1686783190272,2023-06-14T15:53:10.272(UTC-07:00),26746,45330
1686783190294,2023-06-14T15:53:10.294(UTC-07:00),26747,45332
1686783190315,2023-06-14T15:53:10.315(UTC-07:00),26748,45336
1686783190337,2023-06-14T15:53:10.337(UTC-07:00),26750,45340
1686783190358,2023-06-14T15:53:10.358(UTC-07:00),26751,45344
1686783190380,2023-06-14T15:53:10.380(UTC-07:00),26752,45348
1686783190401,2023-06-14T15:53:10.401(UTC-07:00),26754,45353
1686783190423,2023-06-14T15:53:10.423(UTC-07:00),26756,45358
1686783190445,2023-06-14T15:53:10.445(UTC-07:00),26758,45364
1686783190466,2023-06-14T15:53:10.466(UTC-07:00),26760,45371
1686783190488,2023-06-14T15:53:10.488(UTC-07:00),26762,45376
1686783190509,2023-06-14T15:53:10.509(UTC-07:00),26763,45380
1686783190531,2023-06-14T15:53:10.531(UTC-07:00),26763,45381
1686783190552,2023-06-14T15:53:10.552(UTC-07:00),26762,45380
1686783190574,2023-06-14T15:53:10.574(UTC-07:00),26760,45373
1686783190596,2023-06-14T15:53:10.596(UTC-07:00),26757,45362
1686783190617,2023-06-14T15:53:10.617(UTC-07:00),26752,45346
1686783190639,2023-06-14T15:53:10.639(UTC-07:00),26747,45328
1686783190660,2023-06-14T15:53:10.660(UTC-07:00),26743,45311
1686783190682,2023-06-14T15:53:10.682(UTC-07:00),26739,45298
1686783190703,2023-06-14T15:53:10.703(UTC-07:00),26736,45289
1686783190725,2023-06-14T15:53:10.725(UTC-07:00),26734,45286
1686783190746,2023-06-14T15:53:10.746(UTC-07:00),26734,45286
1686783190768,2023-06-14T15:53:10.768(UTC-07:00),26734,45289
1686783190790,2023-06-14T15:53:10.790(UTC-07:00),26734,45293
1686783190811,2023-06-14T15:53:10.811(UTC-07:00),26735,45297
1686783190833,2023-06-14T15:53:10.833(UTC-07:00),26735,45301
1686783190854,2023-06-14T15:53:10.854(UTC-07:00),26735,45305
1686783190876,2023-06-14T15:53:10.876(UTC-07:00),26735,45308
1686783190897,2023-06-14T15:53:10.897(UTC-07:00),26735,45311
1686783190919,2023-06-14T15:53:10.919(UTC-07:00),26734,45313
1686783190941,2023-06-14T15:53:10.941(UTC-07:00),26734,45313
1686783190963,2023-06-14T15:53:10.963(UTC-07:00),26733,45313
1686783190985,2023-06-14T15:53:10.985(UTC-07:00),26733,45312
1686783191007,2023-06-14T15:53:11.007(UTC-07:00),26733,45312
1686783191029,2023-06-14T15:53:11.029(UTC-07:00),26733,45313
1686783191051,2023-06-14T15:53:11.051(UTC-07:00),26733,45315
1686783191073,2023-06-14T15:53:11.073(UTC-07:00),26734,45317
1686783191095,2023-06-14T15:53:11.095(UTC-07:00),26734,45320
1686783191117,2023-06-14T15:53:11.117(UTC-07:00),26735,45324
1686783191139,2023-06-14T15:53:11.139(UTC-07:00),26735,45328
1686783191161,2023-06-14T15:53:11.161(UTC-07:00),26735,45332
1686783191183,2023-06-14T15:53:11.183(UTC-07:00),26736,45337
1686783191205,2023-06-14T15:53:11.205(UTC-07:00),26736,45341
1686783191227,2023-06-14T15:53:11.227(UTC-07:00),26736,45344
1686783191249,2023-06-14T15:53:11.249(UTC-07:00),26735,45345
1686783191271,2023-06-14T15:53:11.271(UTC-07:00),26733,45343
1686783191293,2023-06-14T15:53:11.293(UTC-07:00),26730,45337
1686783191315,2023-06-14T15:53:11.315(UTC-07:00),26726,45326
1686783191337,2023-06-14T15:53:11.337(UTC-07:00),26721,45311
1686783191359,2023-06-14T15:53:11.359(UTC-07:00),26716,45294
1686783191381,2023-06-14T15:53:11.381(UTC-07:00),26711,45278
1686783191403,2023-06-14T15:53:11.403(UTC-07:00),26707,45265
1686783191425,2023-06-14T15:53:11.425(UTC-07:00),26704,45256
1686783191447,2023-06-14T15:53:11.447(UTC-07:00),26702,45251
1686783191469,2023-06-14T15:53:11.469(UTC-07:00),26701,45250
1686783191491,2023-06-14T15:53:11.491(UTC-07:00),26701,45252
1686783191513,2023-06-14T15:53:11.513(UTC-07:00),26701,45256
1686783191535,2023-06-14T15:53:11.535(UTC-07:00),26702,45261
1686783191557,2023-06-14T15:53:11.557(UTC-07:00),26703,45265
1686783191579,2023-06-14T15:53:11.579(UTC-07:00),26703,45270
1686783191601,2023-06-14T15:53:11.601(UTC-07:00),26703,45273
1686783191623,2023-06-14T15:53:11.623(UTC-07:00),26704,45276
1686783191646,2023-06-14T15:53:11.646(UTC-07:00),26704,45277
1686783191664,2023-06-14T15:53:11.664(UTC-07:00),26704,45278
1686783191683,2023-06-14T15:53:11.683(UTC-07:00),26704,45278
1686783191702,2023-06-14T15:53:11.702(UTC-07:00),26704,45279
1686783191721,2023-06-14T15:53:11.721(UTC-07:00),26703,45280
1686783191739,2023-06-14T15:53:11.739(UTC-07:00),26704,45282
1686783191758,2023-06-14T15:53:11.758(UTC-07:00),26705,45285
1686783191777,2023-06-14T15:53:11.777(UTC-07:00),26707,45288
1686783191796,2023-06-14T15:53:11.796(UTC-07:00),26709,45292
1686783191814,2023-06-14T15:53:11.814(UTC-07:00),26710,45297
1686783191833,2023-06-14T15:53:11.833(UTC-07:00),26712,45303
1686783191852,2023-06-14T15:53:11.852(UTC-07:00),26713,45308
1686783191871,2023-06-14T15:53:11.871(UTC-07:00),26713,45313
1686783191889,2023-06-14T15:53:11.889(UTC-07:00),26714,45317
1686783191908,2023-06-14T15:53:11.908(UTC-07:00),26715,45319
1686783191927,2023-06-14T15:53:11.927(UTC-07:00),26715,45320
1686783191946,2023-06-14T15:53:11.946(UTC-07:00),26715,45318
1686783191964,2023-06-14T15:53:11.964(UTC-07:00),26713,45311
1686783191983,2023-06-14T15:53:11.983(UTC-07:00),26711,45301
1686783192002,2023-06-14T15:53:12.002(UTC-07:00),26707,45287
1686783192021,2023-06-14T15:53:12.021(UTC-07:00),26703,45271
1686783192039,2023-06-14T15:53:12.039(UTC-07:00),26699,45258
1686783192058,2023-06-14T15:53:12.058(UTC-07:00),26696,45248
1686783192077,2023-06-14T15:53:12.077(UTC-07:00),26695,45242
1686783192096,2023-06-14T15:53:12.096(UTC-07:00),26694,45240
1686783192114,2023-06-14T15:53:12.114(UTC-07:00),26694,45241
1686783192133,2023-06-14T15:53:12.133(UTC-07:00),26694,45245
1686783192152,2023-06-14T15:53:12.152(UTC-07:00),26695,45249
1686783192171,2023-06-14T15:53:12.171(UTC-07:00),26696,45255
1686783192189,2023-06-14T15:53:12.189(UTC-07:00),26697,45260
1686783192208,2023-06-14T15:53:12.208(UTC-07:00),26699,45264
1686783192227,2023-06-14T15:53:12.227(UTC-07:00),26700,45267
1686783192246,2023-06-14T15:53:12.246(UTC-07:00),26701,45269
1686783192267,2023-06-14T15:53:12.267(UTC-07:00),26701,45271
1686783192289,2023-06-14T15:53:12.289(UTC-07:00),26702,45272
1686783192310,2023-06-14T15:53:12.310(UTC-07:00),26702,45274
1686783192332,2023-06-14T15:53:12.332(UTC-07:00),26703,45276
1686783192353,2023-06-14T15:53:12.353(UTC-07:00),26704,45277
1686783192375,2023-06-14T15:53:12.375(UTC-07:00),26705,45280
1686783192396,2023-06-14T15:53:12.396(UTC-07:00),26706,45283
1686783192418,2023-06-14T15:53:12.418(UTC-07:00),26708,45286
1686783192440,2023-06-14T15:53:12.440(UTC-07:00),26709,45291
1686783192461,2023-06-14T15:53:12.461(UTC-07:00),26711,45297
1686783192483,2023-06-14T15:53:12.483(UTC-07:00),26713,45302
1686783192504,2023-06-14T15:53:12.504(UTC-07:00),26715,45308
1686783192526,2023-06-14T15:53:12.526(UTC-07:00),26716,45312
1686783192547,2023-06-14T15:53:12.547(UTC-07:00),26717,45315
1686783192569,2023-06-14T15:53:12.569(UTC-07:00),26718,45316
1686783192591,2023-06-14T15:53:12.591(UTC-07:00),26718,45312
1686783192612,2023-06-14T15:53:12.612(UTC-07:00),26716,45303
1686783192634,2023-06-14T15:53:12.634(UTC-07:00),26712,45289
1686783192655,2023-06-14T15:53:12.655(UTC-07:00),26708,45273
1686783192677,2023-06-14T15:53:12.677(UTC-07:00),26704,45258
1686783192698,2023-06-14T15:53:12.698(UTC-07:00),26700,45245
1686783192720,2023-06-14T15:53:12.720(UTC-07:00),26698,45236
1686783192741,2023-06-14T15:53:12.741(UTC-07:00),26696,45232
1686783192763,2023-06-14T15:53:12.763(UTC-07:00),26695,45231
1686783192785,2023-06-14T15:53:12.785(UTC-07:00),26695,45232
1686783192806,2023-06-14T15:53:12.806(UTC-07:00),26696,45235
1686783192828,2023-06-14T15:53:12.828(UTC-07:00),26697,45240
1686783192849,2023-06-14T15:53:12.849(UTC-07:00),26698,45244
1686783192871,2023-06-14T15:53:12.871(UTC-07:00),26698,45248
1686783192892,2023-06-14T15:53:12.892(UTC-07:00),26699,45252
1686783192914,2023-06-14T15:53:12.914(UTC-07:00),26700,45254
1686783192936,2023-06-14T15:53:12.936(UTC-07:00),26701,45255
1686783192954,2023-06-14T15:53:12.954(UTC-07:00),26701,45256
1686783192973,2023-06-14T15:53:12.973(UTC-07:00),26702,45257
1686783192992,2023-06-14T15:53:12.992(UTC-07:00),26703,45258
1686783193011,2023-06-14T15:53:13.011(UTC-07:00),26703,45259
1686783193029,2023-06-14T15:53:13.029(UTC-07:00),26704,45260
1686783193048,2023-06-14T15:53:13.048(UTC-07:00),26704,45262
1686783193067,2023-06-14T15:53:13.067(UTC-07:00),26705,45265
1686783193086,2023-06-14T15:53:13.086(UTC-07:00),26707,45270
1686783193104,2023-06-14T15:53:13.104(UTC-07:00),26708,45275
1686783193123,2023-06-14T15:53:13.123(UTC-07:00),26710,45281
1686783193142,2023-06-14T15:53:13.142(UTC-07:00),26712,45287
1686783193161,2023-06-14T15:53:13.161(UTC-07:00),26714,45292
1686783193179,2023-06-14T15:53:13.179(UTC-07:00),26715,45296
1686783193198,2023-06-14T15:53:13.198(UTC-07:00),26716,45298
1686783193217,2023-06-14T15:53:13.217(UTC-07:00),26716,45297
1686783193236,2023-06-14T15:53:13.236(UTC-07:00),26714,45291
1686783193254,2023-06-14T15:53:13.254(UTC-07:00),26712,45280
1686783193273,2023-06-14T15:53:13.273(UTC-07:00),26708,45265
1686783193292,2023-06-14T15:53:13.292(UTC-07:00),26703,45248
1686783193311,2023-06-14T15:53:13.311(UTC-07:00),26699,45232
1686783193329,2023-06-14T15:53:13.329(UTC-07:00),26696,45220
1686783193348,2023-06-14T15:53:13.348(UTC-07:00),26693,45211
1686783193367,2023-06-14T15:53:13.367(UTC-07:00),26692,45207
1686783193386,2023-06-14T15:53:13.386(UTC-07:00),26691,45206
1686783193404,2023-06-14T15:53:13.404(UTC-07:00),26691,45208
1686783193423,2023-06-14T15:53:13.423(UTC-07:00),26691,45210
1686783193442,2023-06-14T15:53:13.442(UTC-07:00),26692,45214
1686783193461,2023-06-14T15:53:13.461(UTC-07:00),26693,45218
1686783193479,2023-06-14T15:53:13.479(UTC-07:00),26694,45223
1686783193498,2023-06-14T15:53:13.498(UTC-07:00),26695,45226
1686783193517,2023-06-14T15:53:13.517(UTC-07:00),26696,45230
1686783193536,2023-06-14T15:53:13.536(UTC-07:00),26697,45232
1686783193555,2023-06-14T15:53:13.555(UTC-07:00),26698,45234
1686783193575,2023-06-14T15:53:13.575(UTC-07:00),26698,45236
1686783193595,2023-06-14T15:53:13.595(UTC-07:00),26699,45237
1686783193614,2023-06-14T15:53:13.614(UTC-07:00),26699,45239
1686783193634,2023-06-14T15:53:13.634(UTC-07:00),26699,45240
1686783193654,2023-06-14T15:53:13.654(UTC-07:00),26700,45241
1686783193673,2023-06-14T15:53:13.673(UTC-07:00),26701,45244
1686783193693,2023-06-14T15:53:13.693(UTC-07:00),26702,45248
1686783193713,2023-06-14T15:53:13.713(UTC-07:00),26705,45253
1686783193732,2023-06-14T15:53:13.732(UTC-07:00),26707,45260
1686783193752,2023-06-14T15:53:13.752(UTC-07:00),26710,45268
1686783193772,2023-06-14T15:53:13.772(UTC-07:00),26712,45275
1686783193791,2023-06-14T15:53:13.791(UTC-07:00),26714,45281
1686783193811,2023-06-14T15:53:13.811(UTC-07:00),26716,45286
1686783193831,2023-06-14T15:53:13.831(UTC-07:00),26717,45287
1686783193851,2023-06-14T15:53:13.851(UTC-07:00),26716,45284
1686783193870,2023-06-14T15:53:13.870(UTC-07:00),26714,45275
1686783193890,2023-06-14T15:53:13.890(UTC-07:00),26710,45261
1686783193910,2023-06-14T15:53:13.910(UTC-07:00),26706,45244
1686783193929,2023-06-14T15:53:13.929(UTC-07:00),26702,45227
1686783193949,2023-06-14T15:53:13.949(UTC-07:00),26698,45214
1686783193969,2023-06-14T15:53:13.969(UTC-07:00),26696,45205
1686783193988,2023-06-14T15:53:13.988(UTC-07:00),26694,45200
1686783194008,2023-06-14T15:53:14.008(UTC-07:00),26693,45199
1686783194028,2023-06-14T15:53:14.028(UTC-07:00),26693,45201
1686783194047,2023-06-14T15:53:14.047(UTC-07:00),26694,45205
1686783194067,2023-06-14T15:53:14.067(UTC-07:00),26696,45210
1686783194087,2023-06-14T15:53:14.087(UTC-07:00),26697,45214
1686783194106,2023-06-14T15:53:14.106(UTC-07:00),26698,45219
1686783194126,2023-06-14T15:53:14.126(UTC-07:00),26699,45223
1686783194146,2023-06-14T15:53:14.146(UTC-07:00),26700,45226
1686783194166,2023-06-14T15:53:14.166(UTC-07:00),26700,45228
1686783194187,2023-06-14T15:53:14.187(UTC-07:00),26701,45230
1686783194208,2023-06-14T15:53:14.208(UTC-07:00),26702,45231
1686783194229,2023-06-14T15:53:14.229(UTC-07:00),26704,45234
1686783194250,2023-06-14T15:53:14.250(UTC-07:00),26707,45238
1686783194271,2023-06-14T15:53:14.271(UTC-07:00),26711,45244
1686783194292,2023-06-14T15:53:14.292(UTC-07:00),26716,45251
1686783194313,2023-06-14T15:53:14.313(UTC-07:00),26719,45257
1686783194334,2023-06-14T15:53:14.334(UTC-07:00),26720,45261
1686783194355,2023-06-14T15:53:14.355(UTC-07:00),26718,45262
1686783194376,2023-06-14T15:53:14.376(UTC-07:00),26716,45262
1686783194398,2023-06-14T15:53:14.398(UTC-07:00),26714,45264
1686783194419,2023-06-14T15:53:14.419(UTC-07:00),26715,45269
1686783194440,2023-06-14T15:53:14.440(UTC-07:00),26718,45275
1686783194461,2023-06-14T15:53:14.461(UTC-07:00),26721,45282
1686783194482,2023-06-14T15:53:14.482(UTC-07:00),26723,45288
1686783194503,2023-06-14T15:53:14.503(UTC-07:00),26725,45291
1686783194524,2023-06-14T15:53:14.524(UTC-07:00),26724,45289
1686783194545,2023-06-14T15:53:14.545(UTC-07:00),26722,45281
1686783194566,2023-06-14T15:53:14.566(UTC-07:00),26719,45269
1686783194587,2023-06-14T15:53:14.587(UTC-07:00),26715,45254
1686783194608,2023-06-14T15:53:14.608(UTC-07:00),26711,45238
1686783194630,2023-06-14T15:53:14.630(UTC-07:00),26708,45226
1686783194651,2023-06-14T15:53:14.651(UTC-07:00),26706,45217
1686783194672,2023-06-14T15:53:14.672(UTC-07:00),26705,45214
1686783194693,2023-06-14T15:53:14.693(UTC-07:00),26705,45213
1686783194714,2023-06-14T15:53:14.714(UTC-07:00),26706,45216
1686783194735,2023-06-14T15:53:14.735(UTC-07:00),26707,45220
1686783194756,2023-06-14T15:53:14.756(UTC-07:00),26708,45226
1686783194777,2023-06-14T15:53:14.777(UTC-07:00),26709,45231
1686783194798,2023-06-14T15:53:14.798(UTC-07:00),26710,45237
1686783194819,2023-06-14T15:53:14.819(UTC-07:00),26711,45241
1686783194841,2023-06-14T15:53:14.841(UTC-07:00),26712,45244
1686783194860,2023-06-14T15:53:14.860(UTC-07:00),26713,45245
1686783194879,2023-06-14T15:53:14.879(UTC-07:00),26713,45246
1686783194898,2023-06-14T15:53:14.898(UTC-07:00),26714,45247
1686783194917,2023-06-14T15:53:14.917(UTC-07:00),26715,45247
1686783194937,2023-06-14T15:53:14.937(UTC-07:00),26716,45248
1686783194956,2023-06-14T15:53:14.956(UTC-07:00),26716,45250
1686783194975,2023-06-14T15:53:14.975(UTC-07:00),26718,45253
1686783194994,2023-06-14T15:53:14.994(UTC-07:00),26719,45258
1686783195013,2023-06-14T15:53:15.013(UTC-07:00),26722,45264
1686783195033,2023-06-14T15:53:15.033(UTC-07:00),26724,45271
1686783195052,2023-06-14T15:53:15.052(UTC-07:00),26726,45278
1686783195071,2023-06-14T15:53:15.071(UTC-07:00),26729,45285
1686783195090,2023-06-14T15:53:15.090(UTC-07:00),26730,45291
1686783195110,2023-06-14T15:53:15.110(UTC-07:00),26732,45296
1686783195129,2023-06-14T15:53:15.129(UTC-07:00),26734,45299
1686783195148,2023-06-14T15:53:15.148(UTC-07:00),26735,45302
1686783195167,2023-06-14T15:53:15.167(UTC-07:00),26736,45301
1686783195186,2023-06-14T15:53:15.186(UTC-07:00),26735,45297
1686783195206,2023-06-14T15:53:15.206(UTC-07:00),26732,45289
1686783195225,2023-06-14T15:53:15.225(UTC-07:00),26729,45276
1686783195244,2023-06-14T15:53:15.244(UTC-07:00),26725,45262
1686783195263,2023-06-14T15:53:15.263(UTC-07:00),26722,45248
1686783195283,2023-06-14T15:53:15.283(UTC-07:00),26720,45238
1686783195302,2023-06-14T15:53:15.302(UTC-07:00),26719,45231
1686783195321,2023-06-14T15:53:15.321(UTC-07:00),26719,45228
1686783195340,2023-06-14T15:53:15.340(UTC-07:00),26720,45229
1686783195359,2023-06-14T15:53:15.359(UTC-07:00),26722,45232
1686783195379,2023-06-14T15:53:15.379(UTC-07:00),26723,45237
1686783195398,2023-06-14T15:53:15.398(UTC-07:00),26725,45243
1686783195417,2023-06-14T15:53:15.417(UTC-07:00),26726,45248
1686783195436,2023-06-14T15:53:15.436(UTC-07:00),26728,45254
1686783195456,2023-06-14T15:53:15.456(UTC-07:00),26729,45259
1686783195475,2023-06-14T15:53:15.475(UTC-07:00),26730,45262
1686783195495,2023-06-14T15:53:15.495(UTC-07:00),26731,45264
1686783195515,2023-06-14T15:53:15.515(UTC-07:00),26731,45266
1686783195534,2023-06-14T15:53:15.534(UTC-07:00),26731,45266
1686783195554,2023-06-14T15:53:15.554(UTC-07:00),26731,45267
1686783195574,2023-06-14T15:53:15.574(UTC-07:00),26731,45268
1686783195593,2023-06-14T15:53:15.593(UTC-07:00),26731,45270
1686783195613,2023-06-14T15:53:15.613(UTC-07:00),26732,45273
1686783195633,2023-06-14T15:53:15.633(UTC-07:00),26733,45277
1686783195652,2023-06-14T15:53:15.652(UTC-07:00),26735,45282
1686783195672,2023-06-14T15:53:15.672(UTC-07:00),26737,45288
1686783195692,2023-06-14T15:53:15.692(UTC-07:00),26740,45294
1686783195711,2023-06-14T15:53:15.711(UTC-07:00),26743,45301
1686783195731,2023-06-14T15:53:15.731(UTC-07:00),26745,45307
1686783195751,2023-06-14T15:53:15.751(UTC-07:00),26746,45312
1686783195771,2023-06-14T15:53:15.771(UTC-07:00),26747,45315
1686783195790,2023-06-14T15:53:15.790(UTC-07:00),26747,45316
1686783195810,2023-06-14T15:53:15.810(UTC-07:00),26746,45314
1686783195830,2023-06-14T15:53:15.830(UTC-07:00),26745,45308
1686783195849,2023-06-14T15:53:15.849(UTC-07:00),26743,45299
1686783195869,2023-06-14T15:53:15.869(UTC-07:00),26741,45286
1686783195889,2023-06-14T15:53:15.889(UTC-07:00),26738,45272
1686783195908,2023-06-14T15:53:15.908(UTC-07:00),26735,45259
1686783195928,2023-06-14T15:53:15.928(UTC-07:00),26733,45248
1686783195948,2023-06-14T15:53:15.948(UTC-07:00),26731,45241
1686783195967,2023-06-14T15:53:15.967(UTC-07:00),26730,45238
1686783195987,2023-06-14T15:53:15.987(UTC-07:00),26729,45239
1686783196007,2023-06-14T15:53:16.007(UTC-07:00),26729,45241
1686783196026,2023-06-14T15:53:16.026(UTC-07:00),26730,45245
1686783196046,2023-06-14T15:53:16.046(UTC-07:00),26730,45250
1686783196066,2023-06-14T15:53:16.066(UTC-07:00),26731,45254
1686783196086,2023-06-14T15:53:16.086(UTC-07:00),26732,45258
1686783196107,2023-06-14T15:53:16.107(UTC-07:00),26732,45261
1686783196129,2023-06-14T15:53:16.129(UTC-07:00),26733,45263
1686783196150,2023-06-14T15:53:16.150(UTC-07:00),26734,45266
1686783196172,2023-06-14T15:53:16.172(UTC-07:00),26736,45270
1686783196193,2023-06-14T15:53:16.193(UTC-07:00),26740,45278
1686783196215,2023-06-14T15:53:16.215(UTC-07:00),26745,45287
1686783196237,2023-06-14T15:53:16.237(UTC-07:00),26749,45294
1686783196258,2023-06-14T15:53:16.258(UTC-07:00),26749,45295
1686783196280,2023-06-14T15:53:16.280(UTC-07:00),26744,45290
1686783196301,2023-06-14T15:53:16.301(UTC-07:00),26738,45282
1686783196323,2023-06-14T15:53:16.323(UTC-07:00),26733,45276
1686783196345,2023-06-14T15:53:16.345(UTC-07:00),26731,45276
1686783196366,2023-06-14T15:53:16.366(UTC-07:00),26731,45279
1686783196388,2023-06-14T15:53:16.388(UTC-07:00),26731,45283
1686783196409,2023-06-14T15:53:16.409(UTC-07:00),26732,45287
1686783196431,2023-06-14T15:53:16.431(UTC-07:00),26732,45291
1686783196453,2023-06-14T15:53:16.453(UTC-07:00),26732,45294
1686783196474,2023-06-14T15:53:16.474(UTC-07:00),26733,45295
1686783196496,2023-06-14T15:53:16.496(UTC-07:00),26733,45293
1686783196517,2023-06-14T15:53:16.517(UTC-07:00),26733,45287
1686783196539,2023-06-14T15:53:16.539(UTC-07:00),26730,45276
1686783196561,2023-06-14T15:53:16.561(UTC-07:00),26726,45260
1686783196582,2023-06-14T15:53:16.582(UTC-07:00),26721,45243
1686783196604,2023-06-14T15:53:16.604(UTC-07:00),26716,45228
1686783196625,2023-06-14T15:53:16.625(UTC-07:00),26713,45218
1686783196647,2023-06-14T15:53:16.647(UTC-07:00),26712,45212
1686783196669,2023-06-14T15:53:16.669(UTC-07:00),26713,45212
1686783196690,2023-06-14T15:53:16.690(UTC-07:00),26714,45216
1686783196712,2023-06-14T15:53:16.712(UTC-07:00),26717,45222
1686783196733,2023-06-14T15:53:16.733(UTC-07:00),26721,45230
1686783196755,2023-06-14T15:53:16.755(UTC-07:00),26724,45238
1686783196777,2023-06-14T15:53:16.777(UTC-07:00),26728,45246
1686783196796,2023-06-14T15:53:16.796(UTC-07:00),26731,45254
1686783196815,2023-06-14T15:53:16.815(UTC-07:00),26734,45260
1686783196834,2023-06-14T15:53:16.834(UTC-07:00),26736,45265
1686783196853,2023-06-14T15:53:16.853(UTC-07:00),26737,45268
1686783196872,2023-06-14T15:53:16.872(UTC-07:00),26737,45270
1686783196892,2023-06-14T15:53:16.892(UTC-07:00),26738,45271
1686783196911,2023-06-14T15:53:16.911(UTC-07:00),26738,45272
1686783196930,2023-06-14T15:53:16.930(UTC-07:00),26739,45275
1686783196949,2023-06-14T15:53:16.949(UTC-07:00),26741,45280
1686783196968,2023-06-14T15:53:16.968(UTC-07:00),26744,45287
1686783196988,2023-06-14T15:53:16.988(UTC-07:00),26746,45294
1686783197007,2023-06-14T15:53:17.007(UTC-07:00),26749,45301
1686783197026,2023-06-14T15:53:17.026(UTC-07:00),26752,45308
1686783197045,2023-06-14T15:53:17.045(UTC-07:00),26756,45316
1686783197064,2023-06-14T15:53:17.064(UTC-07:00),26759,45323
1686783197084,2023-06-14T15:53:17.084(UTC-07:00),26762,45330
1686783197103,2023-06-14T15:53:17.103(UTC-07:00),26765,45337
1686783197122,2023-06-14T15:53:17.122(UTC-07:00),26767,45341
1686783197141,2023-06-14T15:53:17.141(UTC-07:00),26767,45343
1686783197160,2023-06-14T15:53:17.160(UTC-07:00),26767,45341
1686783197179,2023-06-14T15:53:17.179(UTC-07:00),26765,45334
1686783197199,2023-06-14T15:53:17.199(UTC-07:00),26762,45323
1686783197218,2023-06-14T15:53:17.218(UTC-07:00),26759,45310
1686783197237,2023-06-14T15:53:17.237(UTC-07:00),26755,45296
1686783197256,2023-06-14T15:53:17.256(UTC-07:00),26752,45285
1686783197275,2023-06-14T15:53:17.275(UTC-07:00),26750,45278
1686783197295,2023-06-14T15:53:17.295(UTC-07:00),26749,45274
1686783197314,2023-06-14T15:53:17.314(UTC-07:00),26750,45275
1686783197333,2023-06-14T15:53:17.333(UTC-07:00),26751,45278
1686783197352,2023-06-14T15:53:17.352(UTC-07:00),26752,45284
1686783197371,2023-06-14T15:53:17.371(UTC-07:00),26754,45290
1686783197391,2023-06-14T15:53:17.391(UTC-07:00),26756,45297
1686783197409,2023-06-14T15:53:17.409(UTC-07:00),26758,45304
1686783197428,2023-06-14T15:53:17.428(UTC-07:00),26760,45310
1686783197447,2023-06-14T15:53:17.447(UTC-07:00),26761,45315
1686783197466,2023-06-14T15:53:17.466(UTC-07:00),26762,45318
1686783197484,2023-06-14T15:53:17.484(UTC-07:00),26764,45321
1686783197503,2023-06-14T15:53:17.503(UTC-07:00),26765,45322
1686783197522,2023-06-14T15:53:17.522(UTC-07:00),26766,45324
1686783197541,2023-06-14T15:53:17.541(UTC-07:00),26767,45326
1686783197560,2023-06-14T15:53:17.560(UTC-07:00),26768,45330
1686783197578,2023-06-14T15:53:17.578(UTC-07:00),26769,45334
1686783197597,2023-06-14T15:53:17.597(UTC-07:00),26771,45340
1686783197616,2023-06-14T15:53:17.616(UTC-07:00),26773,45345
1686783197635,2023-06-14T15:53:17.635(UTC-07:00),26774,45350
1686783197653,2023-06-14T15:53:17.653(UTC-07:00),26776,45355
1686783197672,2023-06-14T15:53:17.672(UTC-07:00),26778,45360
1686783197691,2023-06-14T15:53:17.691(UTC-07:00),26780,45365
1686783197710,2023-06-14T15:53:17.710(UTC-07:00),26782,45371
1686783197729,2023-06-14T15:53:17.729(UTC-07:00),26784,45376
1686783197747,2023-06-14T15:53:17.747(UTC-07:00),26785,45380
1686783197766,2023-06-14T15:53:17.766(UTC-07:00),26785,45381
1686783197785,2023-06-14T15:53:17.785(UTC-07:00),26784,45377
1686783197804,2023-06-14T15:53:17.804(UTC-07:00),26782,45368
1686783197822,2023-06-14T15:53:17.822(UTC-07:00),26779,45356
1686783197841,2023-06-14T15:53:17.841(UTC-07:00),26776,45341
1686783197860,2023-06-14T15:53:17.860(UTC-07:00),26773,45328
1686783197879,2023-06-14T15:53:17.879(UTC-07:00),26770,45318
1686783197898,2023-06-14T15:53:17.898(UTC-07:00),26768,45313
1686783197916,2023-06-14T15:53:17.916(UTC-07:00),26767,45313
1686783197935,2023-06-14T15:53:17.935(UTC-07:00),26767,45316
1686783197954,2023-06-14T15:53:17.954(UTC-07:00),26768,45321
1686783197973,2023-06-14T15:53:17.973(UTC-07:00),26770,45328
1686783197992,2023-06-14T15:53:17.992(UTC-07:00),26772,45334
1686783198014,2023-06-14T15:53:18.014(UTC-07:00),26774,45341
1686783198036,2023-06-14T15:53:18.036(UTC-07:00),26776,45347
1686783198058,2023-06-14T15:53:18.058(UTC-07:00),26777,45351
1686783198080,2023-06-14T15:53:18.080(UTC-07:00),26778,45354
1686783198102,2023-06-14T15:53:18.102(UTC-07:00),26779,45354
1686783198124,2023-06-14T15:53:18.124(UTC-07:00),26780,45354
1686783198146,2023-06-14T15:53:18.146(UTC-07:00),26780,45355
1686783198168,2023-06-14T15:53:18.168(UTC-07:00),26781,45357
1686783198190,2023-06-14T15:53:18.190(UTC-07:00),26781,45360
1686783198212,2023-06-14T15:53:18.212(UTC-07:00),26782,45365
1686783198234,2023-06-14T15:53:18.234(UTC-07:00),26783,45370
1686783198256,2023-06-14T15:53:18.256(UTC-07:00),26785,45376
1686783198278,2023-06-14T15:53:18.278(UTC-07:00),26786,45381
1686783198300,2023-06-14T15:53:18.300(UTC-07:00),26788,45386
1686783198322,2023-06-14T15:53:18.322(UTC-07:00),26791,45391
1686783198344,2023-06-14T15:53:18.344(UTC-07:00),26793,45396
1686783198366,2023-06-14T15:53:18.366(UTC-07:00),26795,45401
1686783198388,2023-06-14T15:53:18.388(UTC-07:00),26797,45406
1686783198410,2023-06-14T15:53:18.410(UTC-07:00),26798,45410
1686783198432,2023-06-14T15:53:18.432(UTC-07:00),26799,45413
1686783198454,2023-06-14T15:53:18.454(UTC-07:00),26799,45411
1686783198476,2023-06-14T15:53:18.476(UTC-07:00),26798,45406
1686783198498,2023-06-14T15:53:18.498(UTC-07:00),26795,45396
1686783198520,2023-06-14T15:53:18.520(UTC-07:00),26792,45384
1686783198542,2023-06-14T15:53:18.542(UTC-07:00),26789,45372
1686783198564,2023-06-14T15:53:18.564(UTC-07:00),26786,45362
1686783198586,2023-06-14T15:53:18.586(UTC-07:00),26785,45356
1686783198608,2023-06-14T15:53:18.608(UTC-07:00),26784,45354
1686783198630,2023-06-14T15:53:18.630(UTC-07:00),26784,45357
1686783198652,2023-06-14T15:53:18.652(UTC-07:00),26785,45363
1686783198674,2023-06-14T15:53:18.674(UTC-07:00),26787,45370
1686783198696,2023-06-14T15:53:18.696(UTC-07:00),26789,45378
1686783198715,2023-06-14T15:53:18.715(UTC-07:00),26792,45385
1686783198734,2023-06-14T15:53:18.734(UTC-07:00),26794,45391
1686783198753,2023-06-14T15:53:18.753(UTC-07:00),26795,45396
1686783198773,2023-06-14T15:53:18.773(UTC-07:00),26797,45400
1686783198792,2023-06-14T15:53:18.792(UTC-07:00),26797,45402
1686783198811,2023-06-14T15:53:18.811(UTC-07:00),26798,45403
1686783198830,2023-06-14T15:53:18.830(UTC-07:00),26798,45403
1686783198850,2023-06-14T15:53:18.850(UTC-07:00),26799,45404
1686783198869,2023-06-14T15:53:18.869(UTC-07:00),26799,45405
1686783198888,2023-06-14T15:53:18.888(UTC-07:00),26800,45408
1686783198908,2023-06-14T15:53:18.908(UTC-07:00),26801,45412
1686783198927,2023-06-14T15:53:18.927(UTC-07:00),26801,45416
1686783198946,2023-06-14T15:53:18.946(UTC-07:00),26802,45420
1686783198965,2023-06-14T15:53:18.965(UTC-07:00),26804,45424
1686783198985,2023-06-14T15:53:18.985(UTC-07:00),26805,45428
1686783199004,2023-06-14T15:53:19.004(UTC-07:00),26807,45432
1686783199023,2023-06-14T15:53:19.023(UTC-07:00),26808,45436
1686783199043,2023-06-14T15:53:19.043(UTC-07:00),26809,45439
1686783199062,2023-06-14T15:53:19.062(UTC-07:00),26810,45441
1686783199081,2023-06-14T15:53:19.081(UTC-07:00),26809,45440
1686783199100,2023-06-14T15:53:19.100(UTC-07:00),26808,45435
1686783199120,2023-06-14T15:53:19.120(UTC-07:00),26805,45425
1686783199139,2023-06-14T15:53:19.139(UTC-07:00),26802,45412
1686783199158,2023-06-14T15:53:19.158(UTC-07:00),26798,45398
1686783199178,2023-06-14T15:53:19.178(UTC-07:00),26795,45385
1686783199197,2023-06-14T15:53:19.197(UTC-07:00),26792,45376
1686783199216,2023-06-14T15:53:19.216(UTC-07:00),26790,45370
1686783199235,2023-06-14T15:53:19.235(UTC-07:00),26789,45369
1686783199255,2023-06-14T15:53:19.255(UTC-07:00),26789,45372
1686783199274,2023-06-14T15:53:19.274(UTC-07:00),26790,45376
1686783199293,2023-06-14T15:53:19.293(UTC-07:00),26791,45382
1686783199313,2023-06-14T15:53:19.313(UTC-07:00),26793,45388
1686783199332,2023-06-14T15:53:19.332(UTC-07:00),26795,45394
1686783199352,2023-06-14T15:53:19.352(UTC-07:00),26796,45399
1686783199371,2023-06-14T15:53:19.371(UTC-07:00),26797,45403
1686783199391,2023-06-14T15:53:19.391(UTC-07:00),26797,45406
1686783199411,2023-06-14T15:53:19.411(UTC-07:00),26797,45407
1686783199430,2023-06-14T15:53:19.430(UTC-07:00),26798,45408
1686783199450,2023-06-14T15:53:19.450(UTC-07:00),26798,45408
1686783199470,2023-06-14T15:53:19.470(UTC-07:00),26799,45408
1686783199489,2023-06-14T15:53:19.489(UTC-07:00),26800,45410
1686783199509,2023-06-14T15:53:19.509(UTC-07:00),26801,45413
1686783199528,2023-06-14T15:53:19.528(UTC-07:00),26803,45417
1686783199548,2023-06-14T15:53:19.548(UTC-07:00),26804,45422
1686783199568,2023-06-14T15:53:19.568(UTC-07:00),26805,45427
1686783199587,2023-06-14T15:53:19.587(UTC-07:00),26806,45432
1686783199607,2023-06-14T15:53:19.607(UTC-07:00),26807,45436
1686783199627,2023-06-14T15:53:19.627(UTC-07:00),26808,45440
1686783199646,2023-06-14T15:53:19.646(UTC-07:00),26809,45444
1686783199666,2023-06-14T15:53:19.666(UTC-07:00),26810,45446
1686783199685,2023-06-14T15:53:19.685(UTC-07:00),26810,45445
1686783199705,2023-06-14T15:53:19.705(UTC-07:00),26808,45440
1686783199725,2023-06-14T15:53:19.725(UTC-07:00),26805,45430
1686783199744,2023-06-14T15:53:19.744(UTC-07:00),26801,45416
1686783199764,2023-06-14T15:53:19.764(UTC-07:00),26796,45400
1686783199784,2023-06-14T15:53:19.784(UTC-07:00),26792,45385
1686783199803,2023-06-14T15:53:19.803(UTC-07:00),26788,45374
1686783199823,2023-06-14T15:53:19.823(UTC-07:00),26786,45367
1686783199842,2023-06-14T15:53:19.842(UTC-07:00),26784,45364
1686783199862,2023-06-14T15:53:19.862(UTC-07:00),26784,45364
1686783199882,2023-06-14T15:53:19.882(UTC-07:00),26784,45367
1686783199901,2023-06-14T15:53:19.901(UTC-07:00),26785,45371
1686783199921,2023-06-14T15:53:19.921(UTC-07:00),26787,45376
1686783199941,2023-06-14T15:53:19.941(UTC-07:00),26789,45381
1686783199959,2023-06-14T15:53:19.959(UTC-07:00),26790,45387
1686783199978,2023-06-14T15:53:19.978(UTC-07:00),26791,45391
1686783199997,2023-06-14T15:53:19.997(UTC-07:00),26792,45395
1686783200016,2023-06-14T15:53:20.016(UTC-07:00),26792,45397
1686783200034,2023-06-14T15:53:20.034(UTC-07:00),26792,45398
1686783200053,2023-06-14T15:53:20.053(UTC-07:00),26791,45398
1686783200072,2023-06-14T15:53:20.072(UTC-07:00),26790,45398
1686783200091,2023-06-14T15:53:20.091(UTC-07:00),26790,45399
1686783200109,2023-06-14T15:53:20.109(UTC-07:00),26791,45401
1686783200128,2023-06-14T15:53:20.128(UTC-07:00),26793,45403
1686783200147,2023-06-14T15:53:20.147(UTC-07:00),26795,45407
1686783200166,2023-06-14T15:53:20.166(UTC-07:00),26796,45411
1686783200184,2023-06-14T15:53:20.184(UTC-07:00),26797,45415
1686783200203,2023-06-14T15:53:20.203(UTC-07:00),26798,45420
1686783200222,2023-06-14T15:53:20.222(UTC-07:00),26799,45425
1686783200241,2023-06-14T15:53:20.241(UTC-07:00),26801,45428
1686783200259,2023-06-14T15:53:20.259(UTC-07:00),26802,45431
1686783200278,2023-06-14T15:53:20.278(UTC-07:00),26802,45432
1686783200297,2023-06-14T15:53:20.297(UTC-07:00),26801,45430
1686783200316,2023-06-14T15:53:20.316(UTC-07:00),26799,45423
1686783200334,2023-06-14T15:53:20.334(UTC-07:00),26796,45411
1686783200353,2023-06-14T15:53:20.353(UTC-07:00),26791,45396
1686783200372,2023-06-14T15:53:20.372(UTC-07:00),26787,45380
1686783200391,2023-06-14T15:53:20.391(UTC-07:00),26783,45366
1686783200409,2023-06-14T15:53:20.409(UTC-07:00),26780,45356
1686783200428,2023-06-14T15:53:20.428(UTC-07:00),26778,45350
1686783200447,2023-06-14T15:53:20.447(UTC-07:00),26777,45350
1686783200466,2023-06-14T15:53:20.466(UTC-07:00),26778,45352
1686783200484,2023-06-14T15:53:20.484(UTC-07:00),26779,45357
1686783200503,2023-06-14T15:53:20.503(UTC-07:00),26781,45363
1686783200522,2023-06-14T15:53:20.522(UTC-07:00),26782,45369
1686783200541,2023-06-14T15:53:20.541(UTC-07:00),26783,45375
1686783200565,2023-06-14T15:53:20.565(UTC-07:00),26784,45380
1686783200589,2023-06-14T15:53:20.589(UTC-07:00),26785,45383
1686783200614,2023-06-14T15:53:20.614(UTC-07:00),26786,45385
1686783200638,2023-06-14T15:53:20.638(UTC-07:00),26786,45388
1686783200662,2023-06-14T15:53:20.662(UTC-07:00),26786,45391
1686783200687,2023-06-14T15:53:20.687(UTC-07:00),26787,45395
1686783200711,2023-06-14T15:53:20.711(UTC-07:00),26787,45400
1686783200736,2023-06-14T15:53:20.736(UTC-07:00),26788,45404
1686783200760,2023-06-14T15:53:20.760(UTC-07:00),26788,45406
1686783200784,2023-06-14T15:53:20.784(UTC-07:00),26788,45406
1686783200809,2023-06-14T15:53:20.809(UTC-07:00),26789,45404
1686783200833,2023-06-14T15:53:20.833(UTC-07:00),26789,45404
1686783200857,2023-06-14T15:53:20.857(UTC-07:00),26790,45406
1686783200882,2023-06-14T15:53:20.882(UTC-07:00),26792,45410
1686783200906,2023-06-14T15:53:20.906(UTC-07:00),26794,45417
1686783200931,2023-06-14T15:53:20.931(UTC-07:00),26797,45423
1686783200955,2023-06-14T15:53:20.955(UTC-07:00),26799,45429
1686783200979,2023-06-14T15:53:20.979(UTC-07:00),26801,45433
1686783201004,2023-06-14T15:53:21.004(UTC-07:00),26802,45433
1686783201028,2023-06-14T15:53:21.028(UTC-07:00),26801,45429
1686783201052,2023-06-14T15:53:21.052(UTC-07:00),26798,45419
1686783201077,2023-06-14T15:53:21.077(UTC-07:00),26794,45406
1686783201101,2023-06-14T15:53:21.101(UTC-07:00),26790,45391
1686783201126,2023-06-14T15:53:21.126(UTC-07:00),26786,45376
1686783201150,2023-06-14T15:53:21.150(UTC-07:00),26783,45365
1686783201174,2023-06-14T15:53:21.174(UTC-07:00),26781,45358
1686783201199,2023-06-14T15:53:21.199(UTC-07:00),26780,45357
1686783201223,2023-06-14T15:53:21.223(UTC-07:00),26779,45358
1686783201247,2023-06-14T15:53:21.247(UTC-07:00),26780,45363
1686783201272,2023-06-14T15:53:21.272(UTC-07:00),26781,45368
1686783201296,2023-06-14T15:53:21.296(UTC-07:00),26782,45373
1686783201321,2023-06-14T15:53:21.321(UTC-07:00),26783,45379
1686783201338,2023-06-14T15:53:21.338(UTC-07:00),26784,45383
1686783201355,2023-06-14T15:53:21.355(UTC-07:00),26784,45387
1686783201373,2023-06-14T15:53:21.373(UTC-07:00),26785,45390
1686783201390,2023-06-14T15:53:21.390(UTC-07:00),26785,45393
1686783201407,2023-06-14T15:53:21.407(UTC-07:00),26785,45394
1686783201425,2023-06-14T15:53:21.425(UTC-07:00),26786,45396
1686783201442,2023-06-14T15:53:21.442(UTC-07:00),26786,45396
1686783201459,2023-06-14T15:53:21.459(UTC-07:00),26787,45397
1686783201477,2023-06-14T15:53:21.477(UTC-07:00),26788,45398
1686783201494,2023-06-14T15:53:21.494(UTC-07:00),26789,45401
1686783201511,2023-06-14T15:53:21.511(UTC-07:00),26790,45405
1686783201529,2023-06-14T15:53:21.529(UTC-07:00),26791,45410
1686783201546,2023-06-14T15:53:21.546(UTC-07:00),26793,45415
1686783201563,2023-06-14T15:53:21.563(UTC-07:00),26794,45420
1686783201581,2023-06-14T15:53:21.581(UTC-07:00),26795,45425
1686783201598,2023-06-14T15:53:21.598(UTC-07:00),26797,45430
1686783201615,2023-06-14T15:53:21.615(UTC-07:00),26798,45434
1686783201633,2023-06-14T15:53:21.633(UTC-07:00),26799,45438
1686783201650,2023-06-14T15:53:21.650(UTC-07:00),26800,45440
1686783201667,2023-06-14T15:53:21.667(UTC-07:00),26799,45438
1686783201685,2023-06-14T15:53:21.685(UTC-07:00),26798,45433
1686783201702,2023-06-14T15:53:21.702(UTC-07:00),26795,45423
1686783201719,2023-06-14T15:53:21.719(UTC-07:00),26792,45409
1686783201737,2023-06-14T15:53:21.737(UTC-07:00),26787,45395
1686783201754,2023-06-14T15:53:21.754(UTC-07:00),26783,45381
1686783201771,2023-06-14T15:53:21.771(UTC-07:00),26780,45372
1686783201789,2023-06-14T15:53:21.789(UTC-07:00),26778,45367
1686783201806,2023-06-14T15:53:21.806(UTC-07:00),26778,45366
1686783201823,2023-06-14T15:53:21.823(UTC-07:00),26779,45369
1686783201841,2023-06-14T15:53:21.841(UTC-07:00),26781,45375
1686783201858,2023-06-14T15:53:21.858(UTC-07:00),26783,45382
1686783201876,2023-06-14T15:53:21.876(UTC-07:00),26785,45388
1686783201895,2023-06-14T15:53:21.895(UTC-07:00),26786,45394
1686783201914,2023-06-14T15:53:21.914(UTC-07:00),26786,45399
1686783201933,2023-06-14T15:53:21.933(UTC-07:00),26787,45403
1686783201952,2023-06-14T15:53:21.952(UTC-07:00),26788,45405
1686783201972,2023-06-14T15:53:21.972(UTC-07:00),26788,45406
1686783201991,2023-06-14T15:53:21.991(UTC-07:00),26788,45406
1686783202010,2023-06-14T15:53:22.010(UTC-07:00),26788,45406
1686783202029,2023-06-14T15:53:22.029(UTC-07:00),26788,45407
1686783202048,2023-06-14T15:53:22.048(UTC-07:00),26788,45408
1686783202068,2023-06-14T15:53:22.068(UTC-07:00),26789,45410
1686783202087,2023-06-14T15:53:22.087(UTC-07:00),26790,45413
1686783202106,2023-06-14T15:53:22.106(UTC-07:00),26792,45417
1686783202125,2023-06-14T15:53:22.125(UTC-07:00),26793,45422
1686783202145,2023-06-14T15:53:22.145(UTC-07:00),26795,45427
1686783202164,2023-06-14T15:53:22.164(UTC-07:00),26796,45432
1686783202183,2023-06-14T15:53:22.183(UTC-07:00),26796,45437
1686783202202,2023-06-14T15:53:22.202(UTC-07:00),26797,45442
1686783202221,2023-06-14T15:53:22.221(UTC-07:00),26799,45446
1686783202241,2023-06-14T15:53:22.241(UTC-07:00),26800,45449
1686783202260,2023-06-14T15:53:22.260(UTC-07:00),26800,45451
1686783202279,2023-06-14T15:53:22.279(UTC-07:00),26800,45448
1686783202298,2023-06-14T15:53:22.298(UTC-07:00),26799,45441
1686783202318,2023-06-14T15:53:22.318(UTC-07:00),26796,45430
1686783202337,2023-06-14T15:53:22.337(UTC-07:00),26792,45415
1686783202356,2023-06-14T15:53:22.356(UTC-07:00),26788,45401
1686783202375,2023-06-14T15:53:22.375(UTC-07:00),26784,45389
1686783202394,2023-06-14T15:53:22.394(UTC-07:00),26782,45381
1686783202414,2023-06-14T15:53:22.414(UTC-07:00),26780,45379
1686783202433,2023-06-14T15:53:22.433(UTC-07:00),26780,45380
1686783202452,2023-06-14T15:53:22.452(UTC-07:00),26780,45383
1686783202471,2023-06-14T15:53:22.471(UTC-07:00),26781,45389
1686783202491,2023-06-14T15:53:22.491(UTC-07:00),26782,45395
1686783202512,2023-06-14T15:53:22.512(UTC-07:00),26783,45401
1686783202534,2023-06-14T15:53:22.534(UTC-07:00),26785,45407
1686783202555,2023-06-14T15:53:22.555(UTC-07:00),26786,45412
1686783202577,2023-06-14T15:53:22.577(UTC-07:00),26788,45415
1686783202598,2023-06-14T15:53:22.598(UTC-07:00),26789,45417
1686783202620,2023-06-14T15:53:22.620(UTC-07:00),26790,45417
1686783202641,2023-06-14T15:53:22.641(UTC-07:00),26791,45417
1686783202663,2023-06-14T15:53:22.663(UTC-07:00),26791,45418
1686783202685,2023-06-14T15:53:22.685(UTC-07:00),26791,45420
1686783202706,2023-06-14T15:53:22.706(UTC-07:00),26791,45423
1686783202728,2023-06-14T15:53:22.728(UTC-07:00),26791,45426
1686783202749,2023-06-14T15:53:22.749(UTC-07:00),26791,45430
1686783202771,2023-06-14T15:53:22.771(UTC-07:00),26792,45434
1686783202792,2023-06-14T15:53:22.792(UTC-07:00),26793,45438
1686783202814,2023-06-14T15:53:22.814(UTC-07:00),26794,45443
1686783202836,2023-06-14T15:53:22.836(UTC-07:00),26795,45447
1686783202857,2023-06-14T15:53:22.857(UTC-07:00),26797,45452
1686783202879,2023-06-14T15:53:22.879(UTC-07:00),26798,45456
1686783202900,2023-06-14T15:53:22.900(UTC-07:00),26799,45460
1686783202922,2023-06-14T15:53:22.922(UTC-07:00),26800,45462
1686783202943,2023-06-14T15:53:22.943(UTC-07:00),26801,45462
1686783202965,2023-06-14T15:53:22.965(UTC-07:00),26800,45458
1686783202986,2023-06-14T15:53:22.986(UTC-07:00),26798,45449
1686783203008,2023-06-14T15:53:23.008(UTC-07:00),26795,45437
1686783203030,2023-06-14T15:53:23.030(UTC-07:00),26792,45423
1686783203051,2023-06-14T15:53:23.051(UTC-07:00),26788,45410
1686783203073,2023-06-14T15:53:23.073(UTC-07:00),26785,45400
1686783203094,2023-06-14T15:53:23.094(UTC-07:00),26783,45394
1686783203116,2023-06-14T15:53:23.116(UTC-07:00),26782,45393
1686783203137,2023-06-14T15:53:23.137(UTC-07:00),26783,45396
1686783203159,2023-06-14T15:53:23.159(UTC-07:00),26784,45401
1686783203181,2023-06-14T15:53:23.181(UTC-07:00),26785,45407
1686783203201,2023-06-14T15:53:23.201(UTC-07:00),26786,45414
1686783203221,2023-06-14T15:53:23.221(UTC-07:00),26788,45419
1686783203241,2023-06-14T15:53:23.241(UTC-07:00),26789,45424
1686783203261,2023-06-14T15:53:23.261(UTC-07:00),26789,45427
1686783203281,2023-06-14T15:53:23.281(UTC-07:00),26790,45429
1686783203302,2023-06-14T15:53:23.302(UTC-07:00),26790,45430
1686783203322,2023-06-14T15:53:23.322(UTC-07:00),26791,45431
1686783203342,2023-06-14T15:53:23.342(UTC-07:00),26792,45432
1686783203362,2023-06-14T15:53:23.362(UTC-07:00),26793,45435
1686783203382,2023-06-14T15:53:23.382(UTC-07:00),26793,45438
1686783203403,2023-06-14T15:53:23.403(UTC-07:00),26793,45441
1686783203423,2023-06-14T15:53:23.423(UTC-07:00),26794,45445
1686783203443,2023-06-14T15:53:23.443(UTC-07:00),26795,45449
1686783203463,2023-06-14T15:53:23.463(UTC-07:00),26796,45452
1686783203483,2023-06-14T15:53:23.483(UTC-07:00),26797,45455
1686783203504,2023-06-14T15:53:23.504(UTC-07:00),26798,45458
1686783203524,2023-06-14T15:53:23.524(UTC-07:00),26799,45462
1686783203544,2023-06-14T15:53:23.544(UTC-07:00),26800,45465
1686783203564,2023-06-14T15:53:23.564(UTC-07:00),26801,45468
1686783203584,2023-06-14T15:53:23.584(UTC-07:00),26802,45470
1686783203604,2023-06-14T15:53:23.604(UTC-07:00),26803,45470
1686783203625,2023-06-14T15:53:23.625(UTC-07:00),26801,45465
1686783203645,2023-06-14T15:53:23.645(UTC-07:00),26799,45457
1686783203665,2023-06-14T15:53:23.665(UTC-07:00),26796,45445
1686783203685,2023-06-14T15:53:23.685(UTC-07:00),26792,45432
1686783203705,2023-06-14T15:53:23.705(UTC-07:00),26789,45419
1686783203726,2023-06-14T15:53:23.726(UTC-07:00),26786,45410
1686783203746,2023-06-14T15:53:23.746(UTC-07:00),26784,45405
1686783203766,2023-06-14T15:53:23.766(UTC-07:00),26784,45403
1686783203786,2023-06-14T15:53:23.786(UTC-07:00),26784,45405
1686783203806,2023-06-14T15:53:23.806(UTC-07:00),26785,45410
1686783203827,2023-06-14T15:53:23.827(UTC-07:00),26786,45415
1686783203846,2023-06-14T15:53:23.846(UTC-07:00),26787,45421
1686783203865,2023-06-14T15:53:23.865(UTC-07:00),26788,45426
1686783203884,2023-06-14T15:53:23.884(UTC-07:00),26789,45431
1686783203903,2023-06-14T15:53:23.903(UTC-07:00),26789,45434
1686783203922,2023-06-14T15:53:23.922(UTC-07:00),26790,45435
1686783203942,2023-06-14T15:53:23.942(UTC-07:00),26789,45435
1686783203961,2023-06-14T15:53:23.961(UTC-07:00),26789,45434
1686783203980,2023-06-14T15:53:23.980(UTC-07:00),26788,45433
1686783203999,2023-06-14T15:53:23.999(UTC-07:00),26786,45432
1686783204018,2023-06-14T15:53:24.018(UTC-07:00),26781,45429
1686783204038,2023-06-14T15:53:24.038(UTC-07:00),26772,45421
1686783204057,2023-06-14T15:53:24.057(UTC-07:00),26756,45406
1686783204076,2023-06-14T15:53:24.076(UTC-07:00),26734,45385
1686783204095,2023-06-14T15:53:24.095(UTC-07:00),26707,45359
1686783204114,2023-06-14T15:53:24.114(UTC-07:00),26678,45331
1686783204134,2023-06-14T15:53:24.134(UTC-07:00),26652,45307
1686783204153,2023-06-14T15:53:24.153(UTC-07:00),26632,45286
1686783204172,2023-06-14T15:53:24.172(UTC-07:00),26621,45270
1686783204191,2023-06-14T15:53:24.191(UTC-07:00),26619,45256
1686783204210,2023-06-14T15:53:24.210(UTC-07:00),26625,45241
1686783204229,2023-06-14T15:53:24.229(UTC-07:00),26636,45222
1686783204249,2023-06-14T15:53:24.249(UTC-07:00),26645,45196
1686783204268,2023-06-14T15:53:24.268(UTC-07:00),26644,45155
1686783204287,2023-06-14T15:53:24.287(UTC-07:00),26628,45095
1686783204306,2023-06-14T15:53:24.306(UTC-07:00),26594,45011
1686783204325,2023-06-14T15:53:24.325(UTC-07:00),26547,44905
1686783204345,2023-06-14T15:53:24.345(UTC-07:00),26495,44789
1686783204364,2023-06-14T15:53:24.364(UTC-07:00),26446,44684
1686783204383,2023-06-14T15:53:24.383(UTC-07:00),26408,44611
1686783204402,2023-06-14T15:53:24.402(UTC-07:00),26383,44585
1686783204421,2023-06-14T15:53:24.421(UTC-07:00),26373,44604
1686783204441,2023-06-14T15:53:24.441(UTC-07:00),26372,44652
1686783204460,2023-06-14T15:53:24.460(UTC-07:00),26377,44708
1686783204479,2023-06-14T15:53:24.479(UTC-07:00),26383,44754
1686783204498,2023-06-14T15:53:24.498(UTC-07:00),26388,44784
1686783204517,2023-06-14T15:53:24.517(UTC-07:00),26392,44802
1686783204537,2023-06-14T15:53:24.537(UTC-07:00),26399,44812
1686783204556,2023-06-14T15:53:24.556(UTC-07:00),26409,44818
1686783204575,2023-06-14T15:53:24.575(UTC-07:00),26423,44820
1686783204594,2023-06-14T15:53:24.594(UTC-07:00),26437,44816
1686783204613,2023-06-14T15:53:24.613(UTC-07:00),26448,44806
1686783204633,2023-06-14T15:53:24.633(UTC-07:00),26450,44785
1686783204652,2023-06-14T15:53:24.652(UTC-07:00),26437,44747
1686783204671,2023-06-14T15:53:24.671(UTC-07:00),26409,44688
1686783204690,2023-06-14T15:53:24.690(UTC-07:00),26375,44617
1686783204710,2023-06-14T15:53:24.710(UTC-07:00),26345,44555
1686783204729,2023-06-14T15:53:24.729(UTC-07:00),26332,44525
1686783204748,2023-06-14T15:53:24.748(UTC-07:00),26338,44542
1686783204767,2023-06-14T15:53:24.767(UTC-07:00),26358,44599
1686783204786,2023-06-14T15:53:24.786(UTC-07:00),26379,44672
1686783204806,2023-06-14T15:53:24.806(UTC-07:00),26394,44738
1686783204825,2023-06-14T15:53:24.825(UTC-07:00),26402,44780
1686783204844,2023-06-14T15:53:24.844(UTC-07:00),26408,44793
1686783204863,2023-06-14T15:53:24.863(UTC-07:00),26418,44785
1686783204883,2023-06-14T15:53:24.883(UTC-07:00),26432,44765
1686783204902,2023-06-14T15:53:24.902(UTC-07:00),26446,44736
1686783204921,2023-06-14T15:53:24.921(UTC-07:00),26447,44692
1686783204940,2023-06-14T15:53:24.940(UTC-07:00),26424,44611
1686783204959,2023-06-14T15:53:24.959(UTC-07:00),26368,44473
1686783204979,2023-06-14T15:53:24.979(UTC-07:00),26286,44285
1686783204998,2023-06-14T15:53:24.998(UTC-07:00),26202,44094
1686783205017,2023-06-14T15:53:25.017(UTC-07:00),26147,43969
1686783205036,2023-06-14T15:53:25.036(UTC-07:00),26138,43961
1686783205056,2023-06-14T15:53:25.056(UTC-07:00),26173,44071
1686783205077,2023-06-14T15:53:25.077(UTC-07:00),26230,44250
1686783205098,2023-06-14T15:53:25.098(UTC-07:00),26285,44431
1686783205119,2023-06-14T15:53:25.119(UTC-07:00),26325,44564
1686783205140,2023-06-14T15:53:25.140(UTC-07:00),26352,44633
1686783205161,2023-06-14T15:53:25.161(UTC-07:00),26373,44654
1686783205182,2023-06-14T15:53:25.182(UTC-07:00),26397,44650
1686783205203,2023-06-14T15:53:25.203(UTC-07:00),26420,44642
1686783205224,2023-06-14T15:53:25.224(UTC-07:00),26433,44630
1686783205245,2023-06-14T15:53:25.245(UTC-07:00),26423,44597
1686783205266,2023-06-14T15:53:25.266(UTC-07:00),26381,44514
1686783205288,2023-06-14T15:53:25.288(UTC-07:00),26307,44367
1686783205309,2023-06-14T15:53:25.309(UTC-07:00),26217,44177
1686783205330,2023-06-14T15:53:25.330(UTC-07:00),26144,44004
1686783205351,2023-06-14T15:53:25.351(UTC-07:00),26116,43917
1686783205372,2023-06-14T15:53:25.372(UTC-07:00),26144,43954
1686783205393,2023-06-14T15:53:25.393(UTC-07:00),26214,44097
1686783205414,2023-06-14T15:53:25.414(UTC-07:00),26295,44287
1686783205435,2023-06-14T15:53:25.435(UTC-07:00),26360,44460
1686783205456,2023-06-14T15:53:25.456(UTC-07:00),26396,44578
1686783205477,2023-06-14T15:53:25.477(UTC-07:00),26410,44636
1686783205498,2023-06-14T15:53:25.498(UTC-07:00),26414,44653
1686783205520,2023-06-14T15:53:25.520(UTC-07:00),26424,44655
1686783205541,2023-06-14T15:53:25.541(UTC-07:00),26444,44657
1686783205562,2023-06-14T15:53:25.562(UTC-07:00),26468,44660
1686783205583,2023-06-14T15:53:25.583(UTC-07:00),26478,44644
1686783205604,2023-06-14T15:53:25.604(UTC-07:00),26456,44580
1686783205625,2023-06-14T15:53:25.625(UTC-07:00),26391,44442
1686783205646,2023-06-14T15:53:25.646(UTC-07:00),26290,44230
1686783205667,2023-06-14T15:53:25.667(UTC-07:00),26178,43983
1686783205688,2023-06-14T15:53:25.688(UTC-07:00),26088,43767
1686783205709,2023-06-14T15:53:25.709(UTC-07:00),26044,43648
1686783205731,2023-06-14T15:53:25.731(UTC-07:00),26052,43657
1686783205751,2023-06-14T15:53:25.751(UTC-07:00),26097,43776
1686783205771,2023-06-14T15:53:25.771(UTC-07:00),26157,43949
1686783205791,2023-06-14T15:53:25.791(UTC-07:00),26209,44117
1686783205811,2023-06-14T15:53:25.811(UTC-07:00),26245,44241
1686783205831,2023-06-14T15:53:25.831(UTC-07:00),26270,44312
1686783205851,2023-06-14T15:53:25.851(UTC-07:00),26294,44350
1686783205872,2023-06-14T15:53:25.872(UTC-07:00),26326,44376
1686783205892,2023-06-14T15:53:25.892(UTC-07:00),26360,44398
1686783205912,2023-06-14T15:53:25.912(UTC-07:00),26376,44397
1686783205932,2023-06-14T15:53:25.932(UTC-07:00),26349,44330
1686783205952,2023-06-14T15:53:25.952(UTC-07:00),26267,44164
1686783205972,2023-06-14T15:53:25.972(UTC-07:00),26146,43914
1686783205993,2023-06-14T15:53:25.993(UTC-07:00),26031,43655
1686783206013,2023-06-14T15:53:26.013(UTC-07:00),25967,43487
1686783206033,2023-06-14T15:53:26.033(UTC-07:00),25978,43476
1686783206053,2023-06-14T15:53:26.053(UTC-07:00),26051,43616
1686783206073,2023-06-14T15:53:26.073(UTC-07:00),26149,43839
1686783206093,2023-06-14T15:53:26.093(UTC-07:00),26236,44061
1686783206113,2023-06-14T15:53:26.113(UTC-07:00),26291,44224
1686783206134,2023-06-14T15:53:26.134(UTC-07:00),26317,44316
1686783206154,2023-06-14T15:53:26.154(UTC-07:00),26327,44354
1686783206174,2023-06-14T15:53:26.174(UTC-07:00),26335,44368
1686783206194,2023-06-14T15:53:26.194(UTC-07:00),26348,44379
1686783206214,2023-06-14T15:53:26.214(UTC-07:00),26367,44395
1686783206234,2023-06-14T15:53:26.234(UTC-07:00),26383,44407
1686783206255,2023-06-14T15:53:26.255(UTC-07:00),26388,44397
1686783206275,2023-06-14T15:53:26.275(UTC-07:00),26371,44347
1686783206295,2023-06-14T15:53:26.295(UTC-07:00),26330,44249
1686783206315,2023-06-14T15:53:26.315(UTC-07:00),26272,44114
1686783206335,2023-06-14T15:53:26.335(UTC-07:00),26215,43972
1686783206355,2023-06-14T15:53:26.355(UTC-07:00),26178,43864
1686783206376,2023-06-14T15:53:26.376(UTC-07:00),26171,43818
1686783206394,2023-06-14T15:53:26.394(UTC-07:00),26190,43835
1686783206413,2023-06-14T15:53:26.413(UTC-07:00),26220,43890
1686783206432,2023-06-14T15:53:26.432(UTC-07:00),26245,43950
1686783206451,2023-06-14T15:53:26.451(UTC-07:00),26259,43992
1686783206469,2023-06-14T15:53:26.469(UTC-07:00),26267,44021
1686783206488,2023-06-14T15:53:26.488(UTC-07:00),26278,44052
1686783206507,2023-06-14T15:53:26.507(UTC-07:00),26299,44102
1686783206526,2023-06-14T15:53:26.526(UTC-07:00),26331,44172
1686783206545,2023-06-14T15:53:26.545(UTC-07:00),26365,44251
1686783206563,2023-06-14T15:53:26.563(UTC-07:00),26394,44325
1686783206582,2023-06-14T15:53:26.582(UTC-07:00),26413,44384
1686783206601,2023-06-14T15:53:26.601(UTC-07:00),26422,44426
1686783206620,2023-06-14T15:53:26.620(UTC-07:00),26425,44452
1686783206638,2023-06-14T15:53:26.638(UTC-07:00),26422,44462
1686783206657,2023-06-14T15:53:26.657(UTC-07:00),26417,44457
1686783206676,2023-06-14T15:53:26.676(UTC-07:00),26409,44438
1686783206695,2023-06-14T15:53:26.695(UTC-07:00),26402,44411
1686783206714,2023-06-14T15:53:26.714(UTC-07:00),26399,44387
1686783206732,2023-06-14T15:53:26.732(UTC-07:00),26402,44373
1686783206751,2023-06-14T15:53:26.751(UTC-07:00),26414,44376
1686783206770,2023-06-14T15:53:26.770(UTC-07:00),26433,44395
1686783206789,2023-06-14T15:53:26.789(UTC-07:00),26460,44424
1686783206807,2023-06-14T15:53:26.807(UTC-07:00),26494,44462
1686783206826,2023-06-14T15:53:26.826(UTC-07:00),26531,44504
1686783206845,2023-06-14T15:53:26.845(UTC-07:00),26563,44542
1686783206864,2023-06-14T15:53:26.864(UTC-07:00),26574,44558
1686783206883,2023-06-14T15:53:26.883(UTC-07:00),26550,44525
1686783206901,2023-06-14T15:53:26.901(UTC-07:00),26485,44424
1686783206920,2023-06-14T15:53:26.920(UTC-07:00),26392,44262
1686783206939,2023-06-14T15:53:26.939(UTC-07:00),26300,44080
1686783206958,2023-06-14T15:53:26.958(UTC-07:00),26244,43941
1686783206977,2023-06-14T15:53:26.977(UTC-07:00),26241,43896
1686783206998,2023-06-14T15:53:26.998(UTC-07:00),26288,43956
1686783207020,2023-06-14T15:53:27.020(UTC-07:00),26361,44085
1686783207041,2023-06-14T15:53:27.041(UTC-07:00),26432,44229
1686783207063,2023-06-14T15:53:27.063(UTC-07:00),26483,44339
1686783207084,2023-06-14T15:53:27.084(UTC-07:00),26506,44399
1686783207106,2023-06-14T15:53:27.106(UTC-07:00),26506,44415
1686783207127,2023-06-14T15:53:27.127(UTC-07:00),26491,44409
1686783207149,2023-06-14T15:53:27.149(UTC-07:00),26470,44400
1686783207170,2023-06-14T15:53:27.170(UTC-07:00),26451,44400
1686783207192,2023-06-14T15:53:27.192(UTC-07:00),26438,44411
1686783207213,2023-06-14T15:53:27.213(UTC-07:00),26434,44428
1686783207235,2023-06-14T15:53:27.235(UTC-07:00),26436,44443
1686783207256,2023-06-14T15:53:27.256(UTC-07:00),26443,44451
1686783207278,2023-06-14T15:53:27.278(UTC-07:00),26457,44457
1686783207299,2023-06-14T15:53:27.299(UTC-07:00),26477,44471
1686783207321,2023-06-14T15:53:27.321(UTC-07:00),26502,44500
1686783207343,2023-06-14T15:53:27.343(UTC-07:00),26525,44539
1686783207364,2023-06-14T15:53:27.364(UTC-07:00),26533,44562
1686783207386,2023-06-14T15:53:27.386(UTC-07:00),26512,44540
1686783207407,2023-06-14T15:53:27.407(UTC-07:00),26457,44454
1686783207429,2023-06-14T15:53:27.429(UTC-07:00),26378,44311
1686783207450,2023-06-14T15:53:27.450(UTC-07:00),26298,44148
1686783207472,2023-06-14T15:53:27.472(UTC-07:00),26240,44013
1686783207493,2023-06-14T15:53:27.493(UTC-07:00),26219,43943
1686783207515,2023-06-14T15:53:27.515(UTC-07:00),26234,43945
1686783207536,2023-06-14T15:53:27.536(UTC-07:00),26273,44000
1686783207558,2023-06-14T15:53:27.558(UTC-07:00),26315,44074
1686783207579,2023-06-14T15:53:27.579(UTC-07:00),26347,44142
1686783207601,2023-06-14T15:53:27.601(UTC-07:00),26363,44191
1686783207622,2023-06-14T15:53:27.622(UTC-07:00),26368,44226
1686783207644,2023-06-14T15:53:27.644(UTC-07:00),26371,44260
1686783207666,2023-06-14T15:53:27.666(UTC-07:00),26379,44306
1686783207686,2023-06-14T15:53:27.686(UTC-07:00),26397,44364
1686783207706,2023-06-14T15:53:27.706(UTC-07:00),26420,44429
1686783207726,2023-06-14T15:53:27.726(UTC-07:00),26445,44491
1686783207746,2023-06-14T15:53:27.746(UTC-07:00),26467,44542
1686783207766,2023-06-14T15:53:27.766(UTC-07:00),26487,44581
1686783207786,2023-06-14T15:53:27.786(UTC-07:00),26505,44611
1686783207807,2023-06-14T15:53:27.807(UTC-07:00),26519,44631
1686783207827,2023-06-14T15:53:27.827(UTC-07:00),26525,44638
1686783207847,2023-06-14T15:53:27.847(UTC-07:00),26519,44626
1686783207867,2023-06-14T15:53:27.867(UTC-07:00),26502,44592
1686783207887,2023-06-14T15:53:27.887(UTC-07:00),26480,44545
1686783207907,2023-06-14T15:53:27.907(UTC-07:00),26464,44501
1686783207928,2023-06-14T15:53:27.928(UTC-07:00),26462,44477
1686783207948,2023-06-14T15:53:27.948(UTC-07:00),26479,44483
1686783207968,2023-06-14T15:53:27.968(UTC-07:00),26509,44518
1686783207988,2023-06-14T15:53:27.988(UTC-07:00),26543,44569
1686783208008,2023-06-14T15:53:28.008(UTC-07:00),26570,44617
1686783208028,2023-06-14T15:53:28.028(UTC-07:00),26584,44651
1686783208048,2023-06-14T15:53:28.048(UTC-07:00),26586,44663
1686783208069,2023-06-14T15:53:28.069(UTC-07:00),26581,44658
1686783208089,2023-06-14T15:53:28.089(UTC-07:00),26574,44644
1686783208109,2023-06-14T15:53:28.109(UTC-07:00),26568,44630
1686783208129,2023-06-14T15:53:28.129(UTC-07:00),26566,44622
1686783208149,2023-06-14T15:53:28.149(UTC-07:00),26568,44623
1686783208169,2023-06-14T15:53:28.169(UTC-07:00),26573,44631
1686783208190,2023-06-14T15:53:28.190(UTC-07:00),26580,44644
1686783208210,2023-06-14T15:53:28.210(UTC-07:00),26589,44660
1686783208230,2023-06-14T15:53:28.230(UTC-07:00),26601,44677
1686783208250,2023-06-14T15:53:28.250(UTC-07:00),26614,44694
1686783208270,2023-06-14T15:53:28.270(UTC-07:00),26627,44711
1686783208290,2023-06-14T15:53:28.290(UTC-07:00),26636,44729
1686783208311,2023-06-14T15:53:28.311(UTC-07:00),26640,44747
1686783208330,2023-06-14T15:53:28.330(UTC-07:00),26638,44763
1686783208349,2023-06-14T15:53:28.349(UTC-07:00),26629,44772
1686783208368,2023-06-14T15:53:28.368(UTC-07:00),26617,44777
1686783208388,2023-06-14T15:53:28.388(UTC-07:00),26604,44776
1686783208407,2023-06-14T15:53:28.407(UTC-07:00),26591,44774
1686783208426,2023-06-14T15:53:28.426(UTC-07:00),26580,44770
1686783208445,2023-06-14T15:53:28.445(UTC-07:00),26572,44765
1686783208465,2023-06-14T15:53:28.465(UTC-07:00),26566,44758
1686783208484,2023-06-14T15:53:28.484(UTC-07:00),26563,44750
1686783208503,2023-06-14T15:53:28.503(UTC-07:00),26559,44740
1686783208522,2023-06-14T15:53:28.522(UTC-07:00),26551,44721
1686783208542,2023-06-14T15:53:28.542(UTC-07:00),26536,44686
1686783208561,2023-06-14T15:53:28.561(UTC-07:00),26512,44630
1686783208580,2023-06-14T15:53:28.580(UTC-07:00),26481,44556
1686783208599,2023-06-14T15:53:28.599(UTC-07:00),26447,44472
1686783208619,2023-06-14T15:53:28.619(UTC-07:00),26415,44392
1686783208638,2023-06-14T15:53:28.638(UTC-07:00),26388,44321
1686783208657,2023-06-14T15:53:28.657(UTC-07:00),26364,44261
1686783208676,2023-06-14T15:53:28.676(UTC-07:00),26344,44209
1686783208696,2023-06-14T15:53:28.696(UTC-07:00),26328,44165
1686783208715,2023-06-14T15:53:28.715(UTC-07:00),26320,44131
1686783208734,2023-06-14T15:53:28.734(UTC-07:00),26320,44112
1686783208753,2023-06-14T15:53:28.753(UTC-07:00),26325,44105
1686783208773,2023-06-14T15:53:28.773(UTC-07:00),26332,44105
1686783208792,2023-06-14T15:53:28.792(UTC-07:00),26340,44110
1686783208811,2023-06-14T15:53:28.811(UTC-07:00),26349,44121
1686783208830,2023-06-14T15:53:28.830(UTC-07:00),26364,44146
1686783208850,2023-06-14T15:53:28.850(UTC-07:00),26389,44190
1686783208869,2023-06-14T15:53:28.869(UTC-07:00),26424,44248
1686783208888,2023-06-14T15:53:28.888(UTC-07:00),26469,44314
1686783208907,2023-06-14T15:53:28.907(UTC-07:00),26521,44379
1686783208927,2023-06-14T15:53:28.927(UTC-07:00),26582,44447
1686783208948,2023-06-14T15:53:28.948(UTC-07:00),26652,44527
1686783208970,2023-06-14T15:53:28.970(UTC-07:00),26724,44622
1686783208991,2023-06-14T15:53:28.991(UTC-07:00),26785,44723
1686783209013,2023-06-14T15:53:29.013(UTC-07:00),26816,44807
1686783209034,2023-06-14T15:53:29.034(UTC-07:00),26810,44854
1686783209056,2023-06-14T15:53:29.056(UTC-07:00),26768,44856
1686783209077,2023-06-14T15:53:29.077(UTC-07:00),26710,44827
1686783209099,2023-06-14T15:53:29.099(UTC-07:00),26655,44793
1686783209120,2023-06-14T15:53:29.120(UTC-07:00),26618,44771
1686783209142,2023-06-14T15:53:29.142(UTC-07:00),26602,44767
1686783209163,2023-06-14T15:53:29.163(UTC-07:00),26599,44770
1686783209185,2023-06-14T15:53:29.185(UTC-07:00),26603,44773
1686783209206,2023-06-14T15:53:29.206(UTC-07:00),26607,44771
1686783209228,2023-06-14T15:53:29.228(UTC-07:00),26610,44767
1686783209249,2023-06-14T15:53:29.249(UTC-07:00),26609,44761
1686783209271,2023-06-14T15:53:29.271(UTC-07:00),26603,44750
1686783209293,2023-06-14T15:53:29.293(UTC-07:00),26590,44727
1686783209314,2023-06-14T15:53:29.314(UTC-07:00),26574,44693
1686783209336,2023-06-14T15:53:29.336(UTC-07:00),26560,44655
1686783209357,2023-06-14T15:53:29.357(UTC-07:00),26552,44621
1686783209379,2023-06-14T15:53:29.379(UTC-07:00),26551,44593
1686783209400,2023-06-14T15:53:29.400(UTC-07:00),26553,44567
1686783209422,2023-06-14T15:53:29.422(UTC-07:00),26557,44541
1686783209443,2023-06-14T15:53:29.443(UTC-07:00),26565,44523
1686783209465,2023-06-14T15:53:29.465(UTC-07:00),26584,44528
1686783209486,2023-06-14T15:53:29.486(UTC-07:00),26617,44566
1686783209508,2023-06-14T15:53:29.508(UTC-07:00),26663,44636
1686783209529,2023-06-14T15:53:29.529(UTC-07:00),26709,44721
1686783209551,2023-06-14T15:53:29.551(UTC-07:00),26744,44798
1686783209572,2023-06-14T15:53:29.572(UTC-07:00),26757,44850
1686783209594,2023-06-14T15:53:29.594(UTC-07:00),26748,44869
1686783209616,2023-06-14T15:53:29.616(UTC-07:00),26721,44861
1686783209635,2023-06-14T15:53:29.635(UTC-07:00),26684,44836
1686783209654,2023-06-14T15:53:29.654(UTC-07:00),26649,44806
1686783209673,2023-06-14T15:53:29.673(UTC-07:00),26625,44783
1686783209692,2023-06-14T15:53:29.692(UTC-07:00),26615,44772
1686783209712,2023-06-14T15:53:29.712(UTC-07:00),26619,44776
1686783209731,2023-06-14T15:53:29.731(UTC-07:00),26633,44791
1686783209750,2023-06-14T15:53:29.750(UTC-07:00),26648,44812
1686783209769,2023-06-14T15:53:29.769(UTC-07:00),26658,44831
1686783209788,2023-06-14T15:53:29.788(UTC-07:00),26659,44841
1686783209808,2023-06-14T15:53:29.808(UTC-07:00),26649,44837
1686783209827,2023-06-14T15:53:29.827(UTC-07:00),26634,44819
1686783209846,2023-06-14T15:53:29.846(UTC-07:00),26623,44793
1686783209865,2023-06-14T15:53:29.865(UTC-07:00),26625,44765
1686783209885,2023-06-14T15:53:29.885(UTC-07:00),26643,44742
1686783209904,2023-06-14T15:53:29.904(UTC-07:00),26676,44731
1686783209923,2023-06-14T15:53:29.923(UTC-07:00),26711,44729
1686783209942,2023-06-14T15:53:29.942(UTC-07:00),26733,44725
1686783209961,2023-06-14T15:53:29.961(UTC-07:00),26733,44705
1686783209981,2023-06-14T15:53:29.981(UTC-07:00),26711,44662
1686783210000,2023-06-14T15:53:30.000(UTC-07:00),26675,44607
1686783210019,2023-06-14T15:53:30.019(UTC-07:00),26642,44560
1686783210038,2023-06-14T15:53:30.038(UTC-07:00),26619,44540
1686783210058,2023-06-14T15:53:30.058(UTC-07:00),26611,44555
1686783210077,2023-06-14T15:53:30.077(UTC-07:00),26612,44596
1686783210096,2023-06-14T15:53:30.096(UTC-07:00),26616,44644
1686783210115,2023-06-14T15:53:30.115(UTC-07:00),26616,44682
1686783210134,2023-06-14T15:53:30.134(UTC-07:00),26609,44695
1686783210154,2023-06-14T15:53:30.154(UTC-07:00),26594,44679
1686783210173,2023-06-14T15:53:30.173(UTC-07:00),26572,44637
1686783210192,2023-06-14T15:53:30.192(UTC-07:00),26545,44578
1686783210211,2023-06-14T15:53:30.211(UTC-07:00),26516,44514
1686783210231,2023-06-14T15:53:30.231(UTC-07:00),26492,44457
1686783210250,2023-06-14T15:53:30.250(UTC-07:00),26475,44420
1686783210269,2023-06-14T15:53:30.269(UTC-07:00),26468,44405
1686783210288,2023-06-14T15:53:30.288(UTC-07:00),26468,44407
1686783210307,2023-06-14T15:53:30.307(UTC-07:00),26470,44417
1686783210327,2023-06-14T15:53:30.327(UTC-07:00),26471,44424
1686783210346,2023-06-14T15:53:30.346(UTC-07:00),26471,44427
1686783210365,2023-06-14T15:53:30.365(UTC-07:00),26472,44431
1686783210384,2023-06-14T15:53:30.384(UTC-07:00),26476,44443
1686783210403,2023-06-14T15:53:30.403(UTC-07:00),26483,44464
1686783210423,2023-06-14T15:53:30.423(UTC-07:00),26491,44494
1686783210442,2023-06-14T15:53:30.442(UTC-07:00),26500,44528
1686783210461,2023-06-14T15:53:30.461(UTC-07:00),26513,44568
1686783210480,2023-06-14T15:53:30.480(UTC-07:00),26531,44614
1686783210500,2023-06-14T15:53:30.500(UTC-07:00),26553,44668
1686783210519,2023-06-14T15:53:30.519(UTC-07:00),26581,44728
1686783210538,2023-06-14T15:53:30.538(UTC-07:00),26611,44790
1686783210557,2023-06-14T15:53:30.557(UTC-07:00),26644,44850
1686783210576,2023-06-14T15:53:30.576(UTC-07:00),26679,44903
1686783210596,2023-06-14T15:53:30.596(UTC-07:00),26712,44947
1686783210615,2023-06-14T15:53:30.615(UTC-07:00),26737,44979
1686783210634,2023-06-14T15:53:30.634(UTC-07:00),26749,44994
1686783210653,2023-06-14T15:53:30.653(UTC-07:00),26742,44991
1686783210673,2023-06-14T15:53:30.673(UTC-07:00),26719,44969
1686783210692,2023-06-14T15:53:30.692(UTC-07:00),26687,44935
1686783210711,2023-06-14T15:53:30.711(UTC-07:00),26654,44896
1686783210730,2023-06-14T15:53:30.730(UTC-07:00),26629,44861
1686783210749,2023-06-14T15:53:30.749(UTC-07:00),26614,44836
1686783210769,2023-06-14T15:53:30.769(UTC-07:00),26607,44822
1686783210788,2023-06-14T15:53:30.788(UTC-07:00),26602,44811
1686783210807,2023-06-14T15:53:30.807(UTC-07:00),26590,44791
1686783210826,2023-06-14T15:53:30.826(UTC-07:00),26567,44753
1686783210846,2023-06-14T15:53:30.846(UTC-07:00),26538,44700
1686783210868,2023-06-14T15:53:30.868(UTC-07:00),26515,44651
1686783210890,2023-06-14T15:53:30.890(UTC-07:00),26513,44633
1686783210912,2023-06-14T15:53:30.912(UTC-07:00),26533,44658
1686783210934,2023-06-14T15:53:30.934(UTC-07:00),26564,44720
1686783210956,2023-06-14T15:53:30.956(UTC-07:00),26588,44795
1686783210978,2023-06-14T15:53:30.978(UTC-07:00),26597,44857
1686783211000,2023-06-14T15:53:31.000(UTC-07:00),26592,44893
1686783211022,2023-06-14T15:53:31.022(UTC-07:00),26587,44902
1686783211044,2023-06-14T15:53:31.044(UTC-07:00),26590,44897
1686783211066,2023-06-14T15:53:31.066(UTC-07:00),26602,44891
1686783211088,2023-06-14T15:53:31.088(UTC-07:00),26617,44892
1686783211110,2023-06-14T15:53:31.110(UTC-07:00),26628,44900
1686783211132,2023-06-14T15:53:31.132(UTC-07:00),26632,44911
1686783211154,2023-06-14T15:53:31.154(UTC-07:00),26630,44921
1686783211176,2023-06-14T15:53:31.176(UTC-07:00),26621,44922
1686783211198,2023-06-14T15:53:31.198(UTC-07:00),26607,44914
1686783211220,2023-06-14T15:53:31.220(UTC-07:00),26587,44894
1686783211242,2023-06-14T15:53:31.242(UTC-07:00),26566,44867
1686783211264,2023-06-14T15:53:31.264(UTC-07:00),26549,44840
1686783211286,2023-06-14T15:53:31.286(UTC-07:00),26542,44821
1686783211308,2023-06-14T15:53:31.308(UTC-07:00),26546,44817
1686783211330,2023-06-14T15:53:31.330(UTC-07:00),26556,44826
1686783211352,2023-06-14T15:53:31.352(UTC-07:00),26566,44842
1686783211374,2023-06-14T15:53:31.374(UTC-07:00),26570,44858
1686783211396,2023-06-14T15:53:31.396(UTC-07:00),26568,44868
1686783211418,2023-06-14T15:53:31.418(UTC-07:00),26563,44873
1686783211440,2023-06-14T15:53:31.440(UTC-07:00),26559,44873
1686783211462,2023-06-14T15:53:31.462(UTC-07:00),26560,44873
1686783211484,2023-06-14T15:53:31.484(UTC-07:00),26564,44875
1686783211506,2023-06-14T15:53:31.506(UTC-07:00),26569,44879
1686783211528,2023-06-14T15:53:31.528(UTC-07:00),26575,44885
1686783211551,2023-06-14T15:53:31.551(UTC-07:00),26579,44892
1686783211567,2023-06-14T15:53:31.567(UTC-07:00),26577,44893
1686783211584,2023-06-14T15:53:31.584(UTC-07:00),26571,44886
1686783211601,2023-06-14T15:53:31.601(UTC-07:00),26562,44871
1686783211618,2023-06-14T15:53:31.618(UTC-07:00),26562,44854
1686783211635,2023-06-14T15:53:31.635(UTC-07:00),26579,44846
1686783211652,2023-06-14T15:53:31.652(UTC-07:00),26613,44853
1686783211669,2023-06-14T15:53:31.669(UTC-07:00),26645,44872
1686783211686,2023-06-14T15:53:31.686(UTC-07:00),26654,44890
1686783211702,2023-06-14T15:53:31.702(UTC-07:00),26633,44900
1686783211719,2023-06-14T15:53:31.719(UTC-07:00),26595,44903
1686783211736,2023-06-14T15:53:31.736(UTC-07:00),26560,44905
1686783211753,2023-06-14T15:53:31.753(UTC-07:00),26540,44909
1686783211770,2023-06-14T15:53:31.770(UTC-07:00),26537,44915
1686783211787,2023-06-14T15:53:31.787(UTC-07:00),26543,44920
1686783211804,2023-06-14T15:53:31.804(UTC-07:00),26552,44921
1686783211821,2023-06-14T15:53:31.821(UTC-07:00),26558,44918
1686783211837,2023-06-14T15:53:31.837(UTC-07:00),26561,44912
1686783211854,2023-06-14T15:53:31.854(UTC-07:00),26561,44905
1686783211871,2023-06-14T15:53:31.871(UTC-07:00),26559,44897
1686783211888,2023-06-14T15:53:31.888(UTC-07:00),26556,44892
1686783211905,2023-06-14T15:53:31.905(UTC-07:00),26553,44889
1686783211922,2023-06-14T15:53:31.922(UTC-07:00),26547,44886
1686783211939,2023-06-14T15:53:31.939(UTC-07:00),26540,44883
1686783211956,2023-06-14T15:53:31.956(UTC-07:00),26532,44877
1686783211972,2023-06-14T15:53:31.972(UTC-07:00),26525,44868
1686783211989,2023-06-14T15:53:31.989(UTC-07:00),26521,44859
1686783212006,2023-06-14T15:53:32.006(UTC-07:00),26521,44853
1686783212023,2023-06-14T15:53:32.023(UTC-07:00),26524,44852
1686783212040,2023-06-14T15:53:32.040(UTC-07:00),26528,44857
1686783212057,2023-06-14T15:53:32.057(UTC-07:00),26531,44864
1686783212074,2023-06-14T15:53:32.074(UTC-07:00),26533,44872
1686783212091,2023-06-14T15:53:32.091(UTC-07:00),26533,44877
1686783212112,2023-06-14T15:53:32.112(UTC-07:00),26532,44880
1686783212134,2023-06-14T15:53:32.134(UTC-07:00),26531,44881
1686783212155,2023-06-14T15:53:32.155(UTC-07:00),26532,44882
1686783212177,2023-06-14T15:53:32.177(UTC-07:00),26533,44883
1686783212198,2023-06-14T15:53:32.198(UTC-07:00),26536,44886
1686783212220,2023-06-14T15:53:32.220(UTC-07:00),26538,44889
1686783212241,2023-06-14T15:53:32.241(UTC-07:00),26540,44893
1686783212263,2023-06-14T15:53:32.263(UTC-07:00),26541,44896
1686783212285,2023-06-14T15:53:32.285(UTC-07:00),26541,44898
1686783212306,2023-06-14T15:53:32.306(UTC-07:00),26541,44899
1686783212328,2023-06-14T15:53:32.328(UTC-07:00),26540,44899
1686783212349,2023-06-14T15:53:32.349(UTC-07:00),26541,44897
1686783212371,2023-06-14T15:53:32.371(UTC-07:00),26545,44895
1686783212392,2023-06-14T15:53:32.392(UTC-07:00),26553,44897
1686783212414,2023-06-14T15:53:32.414(UTC-07:00),26568,44904
1686783212436,2023-06-14T15:53:32.436(UTC-07:00),26592,44919
1686783212457,2023-06-14T15:53:32.457(UTC-07:00),26622,44942
1686783212479,2023-06-14T15:53:32.479(UTC-07:00),26653,44968
1686783212500,2023-06-14T15:53:32.500(UTC-07:00),26678,44992
1686783212522,2023-06-14T15:53:32.522(UTC-07:00),26688,45006
1686783212543,2023-06-14T15:53:32.543(UTC-07:00),26683,45008
1686783212565,2023-06-14T15:53:32.565(UTC-07:00),26668,44999
1686783212586,2023-06-14T15:53:32.586(UTC-07:00),26653,44986
1686783212608,2023-06-14T15:53:32.608(UTC-07:00),26646,44973
1686783212630,2023-06-14T15:53:32.630(UTC-07:00),26646,44965
1686783212651,2023-06-14T15:53:32.651(UTC-07:00),26650,44955
1686783212673,2023-06-14T15:53:32.673(UTC-07:00),26652,44940
1686783212694,2023-06-14T15:53:32.694(UTC-07:00),26648,44916
1686783212716,2023-06-14T15:53:32.716(UTC-07:00),26636,44884
1686783212737,2023-06-14T15:53:32.737(UTC-07:00),26621,44851
1686783212759,2023-06-14T15:53:32.759(UTC-07:00),26608,44826
1686783212781,2023-06-14T15:53:32.781(UTC-07:00),26603,44817
1686783212799,2023-06-14T15:53:32.799(UTC-07:00),26611,44826
1686783212818,2023-06-14T15:53:32.818(UTC-07:00),26635,44847
1686783212837,2023-06-14T15:53:32.837(UTC-07:00),26669,44870
1686783212856,2023-06-14T15:53:32.856(UTC-07:00),26707,44887
1686783212874,2023-06-14T15:53:32.874(UTC-07:00),26740,44898
1686783212893,2023-06-14T15:53:32.893(UTC-07:00),26761,44906
1686783212912,2023-06-14T15:53:32.912(UTC-07:00),26766,44915
1686783212931,2023-06-14T15:53:32.931(UTC-07:00),26756,44920
1686783212950,2023-06-14T15:53:32.950(UTC-07:00),26736,44919
1686783212968,2023-06-14T15:53:32.968(UTC-07:00),26710,44912
1686783212987,2023-06-14T15:53:32.987(UTC-07:00),26686,44902
1686783213006,2023-06-14T15:53:33.006(UTC-07:00),26668,44898
1686783213025,2023-06-14T15:53:33.025(UTC-07:00),26658,44903
1686783213043,2023-06-14T15:53:33.043(UTC-07:00),26658,44918
1686783213062,2023-06-14T15:53:33.062(UTC-07:00),26664,44938
1686783213081,2023-06-14T15:53:33.081(UTC-07:00),26674,44957
1686783213100,2023-06-14T15:53:33.100(UTC-07:00),26682,44968
1686783213119,2023-06-14T15:53:33.119(UTC-07:00),26683,44965
1686783213137,2023-06-14T15:53:33.137(UTC-07:00),26675,44948
1686783213156,2023-06-14T15:53:33.156(UTC-07:00),26660,44919
1686783213175,2023-06-14T15:53:33.175(UTC-07:00),26643,44882
1686783213194,2023-06-14T15:53:33.194(UTC-07:00),26630,44843
1686783213212,2023-06-14T15:53:33.212(UTC-07:00),26629,44807
1686783213231,2023-06-14T15:53:33.231(UTC-07:00),26642,44780
1686783213250,2023-06-14T15:53:33.250(UTC-07:00),26665,44770
1686783213269,2023-06-14T15:53:33.269(UTC-07:00),26691,44782
1686783213288,2023-06-14T15:53:33.288(UTC-07:00),26710,44812
1686783213306,2023-06-14T15:53:33.306(UTC-07:00),26715,44848
1686783213325,2023-06-14T15:53:33.325(UTC-07:00),26705,44879
1686783213344,2023-06-14T15:53:33.344(UTC-07:00),26684,44898
1686783213363,2023-06-14T15:53:33.363(UTC-07:00),26660,44906
1686783213382,2023-06-14T15:53:33.382(UTC-07:00),26643,44909
1686783213404,2023-06-14T15:53:33.404(UTC-07:00),26637,44915
1686783213426,2023-06-14T15:53:33.426(UTC-07:00),26643,44929
1686783213448,2023-06-14T15:53:33.448(UTC-07:00),26657,44951
1686783213470,2023-06-14T15:53:33.470(UTC-07:00),26671,44976
1686783213492,2023-06-14T15:53:33.492(UTC-07:00),26682,44997
1686783213514,2023-06-14T15:53:33.514(UTC-07:00),26686,45011
1686783213536,2023-06-14T15:53:33.536(UTC-07:00),26685,45016
1686783213558,2023-06-14T15:53:33.558(UTC-07:00),26680,45012
1686783213580,2023-06-14T15:53:33.580(UTC-07:00),26668,44992
1686783213602,2023-06-14T15:53:33.602(UTC-07:00),26646,44950
1686783213624,2023-06-14T15:53:33.624(UTC-07:00),26615,44881
1686783213646,2023-06-14T15:53:33.646(UTC-07:00),26580,44791
1686783213668,2023-06-14T15:53:33.668(UTC-07:00),26551,44702
1686783213690,2023-06-14T15:53:33.690(UTC-07:00),26541,44642
1686783213712,2023-06-14T15:53:33.712(UTC-07:00),26552,44629
1686783213734,2023-06-14T15:53:33.734(UTC-07:00),26578,44660
1686783213756,2023-06-14T15:53:33.756(UTC-07:00),26608,44717
1686783213778,2023-06-14T15:53:33.778(UTC-07:00),26629,44773
1686783213800,2023-06-14T15:53:33.800(UTC-07:00),26638,44809
1686783213822,2023-06-14T15:53:33.822(UTC-07:00),26635,44822
1686783213844,2023-06-14T15:53:33.844(UTC-07:00),26628,44820
1686783213866,2023-06-14T15:53:33.866(UTC-07:00),26623,44814
1686783213888,2023-06-14T15:53:33.888(UTC-07:00),26621,44812
1686783213910,2023-06-14T15:53:33.910(UTC-07:00),26623,44814
1686783213932,2023-06-14T15:53:33.932(UTC-07:00),26624,44818
1686783213954,2023-06-14T15:53:33.954(UTC-07:00),26624,44820
1686783213976,2023-06-14T15:53:33.976(UTC-07:00),26622,44817
1686783213998,2023-06-14T15:53:33.998(UTC-07:00),26617,44811
1686783214020,2023-06-14T15:53:34.020(UTC-07:00),26612,44804
1686783214042,2023-06-14T15:53:34.042(UTC-07:00),26609,44799
1686783214064,2023-06-14T15:53:34.064(UTC-07:00),26607,44796
1686783214086,2023-06-14T15:53:34.086(UTC-07:00),26607,44795
